"Report_Name","Title Master Report",
"Report_ID","TR",
"Release","5",
"Institution_Name","University of Mary Washington",
"Institution_ID","OUP:10751",
"Metric_Types","",
"Report_Filters","YOP=0001|9999",
"Report_Attributes","Attributes_To_Show=Access_Method|Access_Type|Data_Type|Section_Type|YOP",
"Exceptions","",
"Reporting_Period","Begin_Date=2020-07-01; End_Date=2021-06-30",
"Created","2022-01-12T19:04:08Z",
"Created_By","Scholarly iQ for Oxford University Press",
"","",
"Title","Publisher","Publisher_ID","Platform","DOI","Proprietary_ID","ISBN","Print_ISSN","Online_ISSN","URI","Data_Type","Section_Type","YOP","Access_Type","Access_Method","Metric_Type","Reporting_Period_Total","Jul-2020","Aug-2020","Sep-2020","Oct-2020","Nov-2020","Dec-2020","Jan-2021","Feb-2021","Mar-2021","Apr-2021","May-2021","Jun-2021",
"Queens, Eunuchs and Concubines in Islamic History, 661-1257","Oxford University Press","","Edinburgh University Press","","","978-1-4744-2318-2","","","","Book","","0001","Controlled","Regular","Unique_Title_Investigations","1","0","0","0","0","0","1","0","0","0","0","0","0",
"Queens, Eunuchs and Concubines in Islamic History, 661-1257","Oxford University Press","","Edinburgh University Press","","","978-1-4744-2318-2","","","","Book","","0001","Controlled","Regular","Unique_Title_Requests","1","0","0","0","0","0","1","0","0","0","0","0","0",
"Queens, Eunuchs and Concubines in Islamic History, 661-1257","Oxford University Press","","Edinburgh University Press","","","978-1-4744-2318-2","","","","Book","Chapter","0001","Controlled","Regular","Total_Item_Investigations","1","0","0","0","0","0","1","0","0","0","0","0","0",
"Queens, Eunuchs and Concubines in Islamic History, 661-1257","Oxford University Press","","Edinburgh University Press","","","978-1-4744-2318-2","","","","Book","Chapter","0001","Controlled","Regular","Total_Item_Requests","1","0","0","0","0","0","1","0","0","0","0","0","0",
"Queens, Eunuchs and Concubines in Islamic History, 661-1257","Oxford University Press","","Edinburgh University Press","","","978-1-4744-2318-2","","","","Book","Chapter","0001","Controlled","Regular","Unique_Item_Investigations","1","0","0","0","0","0","1","0","0","0","0","0","0",
"Queens, Eunuchs and Concubines in Islamic History, 661-1257","Oxford University Press","","Edinburgh University Press","","","978-1-4744-2318-2","","","","Book","Chapter","0001","Controlled","Regular","Unique_Item_Requests","1","0","0","0","0","0","1","0","0","0","0","0","0",
"Benezit Dictionary of Artists","Oxford University Press","","Grove Art Online","","","978-0-19-977378-7","","","","Book","","0001","Controlled","Regular","Unique_Title_Investigations","2","0","0","0","0","0","0","0","1","0","1","0","0",
"Benezit Dictionary of Artists","Oxford University Press","","Grove Art Online","","","978-0-19-977378-7","","","","Book","Other","0001","Controlled","Regular","No_License","3","0","0","0","0","0","0","0","2","0","1","0","0",
"Benezit Dictionary of Artists","Oxford University Press","","Grove Art Online","","","978-0-19-977378-7","","","","Book","Other","0001","Controlled","Regular","Total_Item_Investigations","3","0","0","0","0","0","0","0","2","0","1","0","0",
"Benezit Dictionary of Artists","Oxford University Press","","Grove Art Online","","","978-0-19-977378-7","","","","Book","Other","0001","Controlled","Regular","Unique_Item_Investigations","2","0","0","0","0","0","0","0","1","0","1","0","0",
"Grove Art Online","Oxford University Press","","Grove Art Online","","","978-1-884446-05-4","","","","Book","","0001","Controlled","Regular","Unique_Title_Investigations","7","0","0","0","2","1","0","0","0","3","1","0","0",
"Grove Art Online","Oxford University Press","","Grove Art Online","","","978-1-884446-05-4","","","","Book","Other","0001","Controlled","Regular","No_License","8","0","0","0","3","1","0","0","0","3","1","0","0",
"Grove Art Online","Oxford University Press","","Grove Art Online","","","978-1-884446-05-4","","","","Book","Other","0001","Controlled","Regular","Total_Item_Investigations","8","0","0","0","3","1","0","0","0","3","1","0","0",
"Grove Art Online","Oxford University Press","","Grove Art Online","","","978-1-884446-05-4","","","","Book","Other","0001","Controlled","Regular","Unique_Item_Investigations","8","0","0","0","3","1","0","0","0","3","1","0","0",
"Grove Music Online","Oxford University Press","","Grove Music Online","","","978-1-56159-263-0","","","","Book","","0001","Controlled","Regular","Unique_Title_Investigations","8","0","0","0","2","1","1","0","2","1","1","0","0",
"Grove Music Online","Oxford University Press","","Grove Music Online","","","978-1-56159-263-0","","","","Book","","0001","Controlled","Regular","Unique_Title_Requests","8","0","0","0","2","1","1","0","2","1","1","0","0",
"Grove Music Online","Oxford University Press","","Grove Music Online","","","978-1-56159-263-0","","","","Book","Other","0001","Controlled","Regular","Total_Item_Investigations","17","0","0","0","3","1","1","0","2","2","8","0","0",
"Grove Music Online","Oxford University Press","","Grove Music Online","","","978-1-56159-263-0","","","","Book","Other","0001","Controlled","Regular","Total_Item_Requests","17","0","0","0","3","1","1","0","2","2","8","0","0",
"Grove Music Online","Oxford University Press","","Grove Music Online","","","978-1-56159-263-0","","","","Book","Other","0001","Controlled","Regular","Unique_Item_Investigations","15","0","0","0","3","1","2","0","2","1","6","0","0",
"Grove Music Online","Oxford University Press","","Grove Music Online","","","978-1-56159-263-0","","","","Book","Other","0001","Controlled","Regular","Unique_Item_Requests","14","0","0","0","3","1","1","0","2","1","6","0","0",
"Airport Urbanism","Oxford University Press","","Minnesota Scholarship Online","","","978-0-8166-9609-3","","","","Book","","0001","Controlled","Regular","Unique_Title_Investigations","1","0","0","0","0","0","0","0","0","0","1","0","0",
"Airport Urbanism","Oxford University Press","","Minnesota Scholarship Online","","","978-0-8166-9609-3","","","","Book","","0001","Controlled","Regular","Unique_Title_Requests","1","0","0","0","0","0","0","0","0","0","1","0","0",
"Airport Urbanism","Oxford University Press","","Minnesota Scholarship Online","","","978-0-8166-9609-3","","","","Book","Chapter","0001","Controlled","Regular","Total_Item_Investigations","3","0","0","0","0","0","0","0","0","0","3","0","0",
"Airport Urbanism","Oxford University Press","","Minnesota Scholarship Online","","","978-0-8166-9609-3","","","","Book","Chapter","0001","Controlled","Regular","Total_Item_Requests","3","0","0","0","0","0","0","0","0","0","3","0","0",
"Airport Urbanism","Oxford University Press","","Minnesota Scholarship Online","","","978-0-8166-9609-3","","","","Book","Chapter","0001","Controlled","Regular","Unique_Item_Investigations","2","0","0","0","0","0","0","0","0","0","2","0","0",
"Airport Urbanism","Oxford University Press","","Minnesota Scholarship Online","","","978-0-8166-9609-3","","","","Book","Chapter","0001","Controlled","Regular","Unique_Item_Requests","2","0","0","0","0","0","0","0","0","0","2","0","0",
"Gaming Sexism","Oxford University Press","","NYU Press","","","978-1-4798-3852-3","","","","Book","","0001","Controlled","Regular","Unique_Title_Investigations","1","0","0","0","0","0","0","0","0","0","0","1","0",
"Gaming Sexism","Oxford University Press","","NYU Press","","","978-1-4798-3852-3","","","","Book","","0001","Controlled","Regular","Unique_Title_Requests","1","0","0","0","0","0","0","0","0","0","0","1","0",
"Gaming Sexism","Oxford University Press","","NYU Press","","","978-1-4798-3852-3","","","","Book","Chapter","0001","Controlled","Regular","Total_Item_Investigations","1","0","0","0","0","0","0","0","0","0","0","1","0",
"Gaming Sexism","Oxford University Press","","NYU Press","","","978-1-4798-3852-3","","","","Book","Chapter","0001","Controlled","Regular","Total_Item_Requests","1","0","0","0","0","0","0","0","0","0","0","1","0",
"Gaming Sexism","Oxford University Press","","NYU Press","","","978-1-4798-3852-3","","","","Book","Chapter","0001","Controlled","Regular","Unique_Item_Investigations","1","0","0","0","0","0","0","0","0","0","0","1","0",
"Gaming Sexism","Oxford University Press","","NYU Press","","","978-1-4798-3852-3","","","","Book","Chapter","0001","Controlled","Regular","Unique_Item_Requests","1","0","0","0","0","0","0","0","0","0","0","1","0",
"The Path to Gay Rights","Oxford University Press","","NYU Press","","","978-1-4798-2213-3","","","","Book","","0001","Controlled","Regular","Unique_Title_Investigations","1","0","0","0","0","0","0","0","0","1","0","0","0",
"The Path to Gay Rights","Oxford University Press","","NYU Press","","","978-1-4798-2213-3","","","","Book","","0001","Controlled","Regular","Unique_Title_Requests","1","0","0","0","0","0","0","0","0","1","0","0","0",
"The Path to Gay Rights","Oxford University Press","","NYU Press","","","978-1-4798-2213-3","","","","Book","Chapter","0001","Controlled","Regular","Total_Item_Investigations","1","0","0","0","0","0","0","0","0","1","0","0","0",
"The Path to Gay Rights","Oxford University Press","","NYU Press","","","978-1-4798-2213-3","","","","Book","Chapter","0001","Controlled","Regular","Total_Item_Requests","1","0","0","0","0","0","0","0","0","1","0","0","0",
"The Path to Gay Rights","Oxford University Press","","NYU Press","","","978-1-4798-2213-3","","","","Book","Chapter","0001","Controlled","Regular","Unique_Item_Investigations","1","0","0","0","0","0","0","0","0","1","0","0","0",
"The Path to Gay Rights","Oxford University Press","","NYU Press","","","978-1-4798-2213-3","","","","Book","Chapter","0001","Controlled","Regular","Unique_Item_Requests","1","0","0","0","0","0","0","0","0","1","0","0","0",
"Oxford African American Studies Center","Oxford University Press","","Oxford African American Studies Center","","","978-0-19-530173-1","","","","Book","Other","0001","Controlled","Regular","No_License","15","0","0","1","11","0","0","0","0","1","1","1","0",
"International Relations","Oxford University Press","","Oxford Bibliographies","","","978-0-19-974329-2","","","","Book","","0001","Controlled","Regular","Unique_Title_Investigations","1","0","0","0","0","0","0","0","0","0","1","0","0",
"International Relations","Oxford University Press","","Oxford Bibliographies","","","978-0-19-974329-2","","","","Book","Other","0001","Controlled","Regular","No_License","1","0","0","0","0","0","0","0","0","0","1","0","0",
"International Relations","Oxford University Press","","Oxford Bibliographies","","","978-0-19-974329-2","","","","Book","Other","0001","Controlled","Regular","Total_Item_Investigations","1","0","0","0","0","0","0","0","0","0","1","0","0",
"International Relations","Oxford University Press","","Oxford Bibliographies","","","978-0-19-974329-2","","","","Book","Other","0001","Controlled","Regular","Unique_Item_Investigations","1","0","0","0","0","0","0","0","0","0","1","0","0",
"Political Science","Oxford University Press","","Oxford Bibliographies","","","978-0-19-975622-3","","","","Book","","0001","Controlled","Regular","Unique_Title_Investigations","1","0","0","0","0","0","0","0","0","0","0","1","0",
"Political Science","Oxford University Press","","Oxford Bibliographies","","","978-0-19-975622-3","","","","Book","","0001","Controlled","Regular","Unique_Title_Requests","1","0","0","0","0","0","0","0","0","0","0","1","0",
"Political Science","Oxford University Press","","Oxford Bibliographies","","","978-0-19-975622-3","","","","Book","Other","0001","Controlled","Regular","Total_Item_Investigations","1","0","0","0","0","0","0","0","0","0","0","1","0",
"Political Science","Oxford University Press","","Oxford Bibliographies","","","978-0-19-975622-3","","","","Book","Other","0001","Controlled","Regular","Total_Item_Requests","1","0","0","0","0","0","0","0","0","0","0","1","0",
"Political Science","Oxford University Press","","Oxford Bibliographies","","","978-0-19-975622-3","","","","Book","Other","0001","Controlled","Regular","Unique_Item_Investigations","1","0","0","0","0","0","0","0","0","0","0","1","0",
"Political Science","Oxford University Press","","Oxford Bibliographies","","","978-0-19-975622-3","","","","Book","Other","0001","Controlled","Regular","Unique_Item_Requests","1","0","0","0","0","0","0","0","0","0","0","1","0",
"Help for Adolescent Males with Sexual Behavior Problems","Oxford University Press","","Oxford Clinical Psychology","","","978-0-19-532950-6","","","","Book","","0001","Controlled","Regular","Unique_Title_Investigations","1","0","0","0","0","0","0","0","1","0","0","0","0",
"Help for Adolescent Males with Sexual Behavior Problems","Oxford University Press","","Oxford Clinical Psychology","","","978-0-19-532950-6","","","","Book","","0001","Controlled","Regular","Unique_Title_Requests","1","0","0","0","0","0","0","0","1","0","0","0","0",
"Help for Adolescent Males with Sexual Behavior Problems","Oxford University Press","","Oxford Clinical Psychology","","","978-0-19-532950-6","","","","Book","Chapter","0001","Controlled","Regular","Total_Item_Investigations","1","0","0","0","0","0","0","0","1","0","0","0","0",
"Help for Adolescent Males with Sexual Behavior Problems","Oxford University Press","","Oxford Clinical Psychology","","","978-0-19-532950-6","","","","Book","Chapter","0001","Controlled","Regular","Total_Item_Requests","1","0","0","0","0","0","0","0","1","0","0","0","0",
"Help for Adolescent Males with Sexual Behavior Problems","Oxford University Press","","Oxford Clinical Psychology","","","978-0-19-532950-6","","","","Book","Chapter","0001","Controlled","Regular","Unique_Item_Investigations","1","0","0","0","0","0","0","0","1","0","0","0","0",
"Help for Adolescent Males with Sexual Behavior Problems","Oxford University Press","","Oxford Clinical Psychology","","","978-0-19-532950-6","","","","Book","Chapter","0001","Controlled","Regular","Unique_Item_Requests","1","0","0","0","0","0","0","0","1","0","0","0","0",
"Mastery of Your Anxiety and Worry: Workbook","Oxford University Press","","Oxford Clinical Psychology","","","978-0-19-530001-7","","","","Book","","0001","Controlled","Regular","Unique_Title_Investigations","1","0","0","0","0","0","0","0","1","0","0","0","0",
"Mastery of Your Anxiety and Worry: Workbook","Oxford University Press","","Oxford Clinical Psychology","","","978-0-19-530001-7","","","","Book","","0001","Controlled","Regular","Unique_Title_Requests","1","0","0","0","0","0","0","0","1","0","0","0","0",
"Mastery of Your Anxiety and Worry: Workbook","Oxford University Press","","Oxford Clinical Psychology","","","978-0-19-530001-7","","","","Book","Chapter","0001","Controlled","Regular","Total_Item_Investigations","1","0","0","0","0","0","0","0","1","0","0","0","0",
"Mastery of Your Anxiety and Worry: Workbook","Oxford University Press","","Oxford Clinical Psychology","","","978-0-19-530001-7","","","","Book","Chapter","0001","Controlled","Regular","Total_Item_Requests","1","0","0","0","0","0","0","0","1","0","0","0","0",
"Mastery of Your Anxiety and Worry: Workbook","Oxford University Press","","Oxford Clinical Psychology","","","978-0-19-530001-7","","","","Book","Chapter","0001","Controlled","Regular","Unique_Item_Investigations","1","0","0","0","0","0","0","0","1","0","0","0","0",
"Mastery of Your Anxiety and Worry: Workbook","Oxford University Press","","Oxford Clinical Psychology","","","978-0-19-530001-7","","","","Book","Chapter","0001","Controlled","Regular","Unique_Item_Requests","1","0","0","0","0","0","0","0","1","0","0","0","0",
"Overcoming Your Eating Disorder: Guided Self-Help Workbook","Oxford University Press","","Oxford Clinical Psychology","","","978-0-19-533456-2","","","","Book","","0001","Controlled","Regular","Unique_Title_Investigations","1","0","0","0","1","0","0","0","0","0","0","0","0",
"Overcoming Your Eating Disorder: Guided Self-Help Workbook","Oxford University Press","","Oxford Clinical Psychology","","","978-0-19-533456-2","","","","Book","","0001","Controlled","Regular","Unique_Title_Requests","1","0","0","0","1","0","0","0","0","0","0","0","0",
"Overcoming Your Eating Disorder: Guided Self-Help Workbook","Oxford University Press","","Oxford Clinical Psychology","","","978-0-19-533456-2","","","","Book","Chapter","0001","Controlled","Regular","Total_Item_Investigations","1","0","0","0","1","0","0","0","0","0","0","0","0",
"Overcoming Your Eating Disorder: Guided Self-Help Workbook","Oxford University Press","","Oxford Clinical Psychology","","","978-0-19-533456-2","","","","Book","Chapter","0001","Controlled","Regular","Total_Item_Requests","1","0","0","0","1","0","0","0","0","0","0","0","0",
"Overcoming Your Eating Disorder: Guided Self-Help Workbook","Oxford University Press","","Oxford Clinical Psychology","","","978-0-19-533456-2","","","","Book","Chapter","0001","Controlled","Regular","Unique_Item_Investigations","1","0","0","0","1","0","0","0","0","0","0","0","0",
"Overcoming Your Eating Disorder: Guided Self-Help Workbook","Oxford University Press","","Oxford Clinical Psychology","","","978-0-19-533456-2","","","","Book","Chapter","0001","Controlled","Regular","Unique_Item_Requests","1","0","0","0","1","0","0","0","0","0","0","0","0",
"Parent Training for Disruptive Behavior","Oxford University Press","","Oxford Clinical Psychology","","","978-0-19-062784-3","","","","Book","","0001","Controlled","Regular","Unique_Title_Investigations","1","0","1","0","0","0","0","0","0","0","0","0","0",
"Parent Training for Disruptive Behavior","Oxford University Press","","Oxford Clinical Psychology","","","978-0-19-062784-3","","","","Book","","0001","Controlled","Regular","Unique_Title_Requests","1","0","1","0","0","0","0","0","0","0","0","0","0",
"Parent Training for Disruptive Behavior","Oxford University Press","","Oxford Clinical Psychology","","","978-0-19-062784-3","","","","Book","Chapter","0001","Controlled","Regular","Total_Item_Investigations","1","0","1","0","0","0","0","0","0","0","0","0","0",
"Parent Training for Disruptive Behavior","Oxford University Press","","Oxford Clinical Psychology","","","978-0-19-062784-3","","","","Book","Chapter","0001","Controlled","Regular","Total_Item_Requests","1","0","1","0","0","0","0","0","0","0","0","0","0",
"Parent Training for Disruptive Behavior","Oxford University Press","","Oxford Clinical Psychology","","","978-0-19-062784-3","","","","Book","Chapter","0001","Controlled","Regular","Unique_Item_Investigations","1","0","1","0","0","0","0","0","0","0","0","0","0",
"Parent Training for Disruptive Behavior","Oxford University Press","","Oxford Clinical Psychology","","","978-0-19-062784-3","","","","Book","Chapter","0001","Controlled","Regular","Unique_Item_Requests","1","0","1","0","0","0","0","0","0","0","0","0","0",
"Oxford Dictionary of National Biography","Oxford University Press","","Oxford Dictionary of National Biography","","","978-0-19-861412-8","","","","Book","","0001","Controlled","Regular","Unique_Title_Investigations","1","0","0","0","0","0","0","0","0","0","1","0","0",
"Oxford Dictionary of National Biography","Oxford University Press","","Oxford Dictionary of National Biography","","","978-0-19-861412-8","","","","Book","Other","0001","Controlled","Regular","No_License","1","0","0","0","0","0","0","0","0","0","1","0","0",
"Oxford Dictionary of National Biography","Oxford University Press","","Oxford Dictionary of National Biography","","","978-0-19-861412-8","","","","Book","Other","0001","Controlled","Regular","Total_Item_Investigations","1","0","0","0","0","0","0","0","0","0","1","0","0",
"Oxford Dictionary of National Biography","Oxford University Press","","Oxford Dictionary of National Biography","","","978-0-19-861412-8","","","","Book","Other","0001","Controlled","Regular","Unique_Item_Investigations","1","0","0","0","0","0","0","0","0","0","1","0","0",
"Oxford English Dictionary","Oxford University Press","","Oxford English Dictionary","","","978-0-19-860555-3","","","","Book","","0001","Controlled","Regular","Unique_Title_Investigations","11","0","1","4","3","0","0","0","0","0","1","2","0",
"Oxford English Dictionary","Oxford University Press","","Oxford English Dictionary","","","978-0-19-860555-3","","","","Book","","0001","Controlled","Regular","Unique_Title_Requests","11","0","1","4","3","0","0","0","0","0","1","2","0",
"Oxford English Dictionary","Oxford University Press","","Oxford English Dictionary","","","978-0-19-860555-3","","","","Book","Other","0001","Controlled","Regular","Total_Item_Investigations","15","0","2","4","5","0","0","0","0","0","1","3","0",
"Oxford English Dictionary","Oxford University Press","","Oxford English Dictionary","","","978-0-19-860555-3","","","","Book","Other","0001","Controlled","Regular","Total_Item_Requests","15","0","2","4","5","0","0","0","0","0","1","3","0",
"Oxford English Dictionary","Oxford University Press","","Oxford English Dictionary","","","978-0-19-860555-3","","","","Book","Other","0001","Controlled","Regular","Unique_Item_Investigations","12","0","1","4","4","0","0","0","0","0","1","2","0",
"Oxford English Dictionary","Oxford University Press","","Oxford English Dictionary","","","978-0-19-860555-3","","","","Book","Other","0001","Controlled","Regular","Unique_Item_Requests","12","0","1","4","4","0","0","0","0","0","1","2","0",
"Oxford First Source","Oxford University Press","","Oxford First Source","","","978-0-19-979418-8","","","","Book","","0001","Controlled","Regular","Unique_Title_Investigations","3","0","0","1","2","0","0","0","0","0","0","0","0",
"Oxford First Source","Oxford University Press","","Oxford First Source","","","978-0-19-979418-8","","","","Book","Other","0001","Controlled","Regular","No_License","3","0","0","1","2","0","0","0","0","0","0","0","0",
"Oxford First Source","Oxford University Press","","Oxford First Source","","","978-0-19-979418-8","","","","Book","Other","0001","Controlled","Regular","Total_Item_Investigations","3","0","0","1","2","0","0","0","0","0","0","0","0",
"Oxford First Source","Oxford University Press","","Oxford First Source","","","978-0-19-979418-8","","","","Book","Other","0001","Controlled","Regular","Unique_Item_Investigations","3","0","0","1","2","0","0","0","0","0","0","0","0",
"Ecphrasis","Oxford University Press","","Oxford Handbooks Online","","","978-0-19-993539-0","","","","Book","","0001","Controlled","Regular","Unique_Title_Investigations","1","0","0","0","1","0","0","0","0","0","0","0","0",
"Ecphrasis","Oxford University Press","","Oxford Handbooks Online","","","978-0-19-993539-0","","","","Book","","0001","Controlled","Regular","Unique_Title_Requests","1","0","0","0","1","0","0","0","0","0","0","0","0",
"Ecphrasis","Oxford University Press","","Oxford Handbooks Online","","","978-0-19-993539-0","","","","Book","Chapter","0001","Controlled","Regular","Total_Item_Investigations","1","0","0","0","1","0","0","0","0","0","0","0","0",
"Ecphrasis","Oxford University Press","","Oxford Handbooks Online","","","978-0-19-993539-0","","","","Book","Chapter","0001","Controlled","Regular","Total_Item_Requests","1","0","0","0","1","0","0","0","0","0","0","0","0",
"Ecphrasis","Oxford University Press","","Oxford Handbooks Online","","","978-0-19-993539-0","","","","Book","Chapter","0001","Controlled","Regular","Unique_Item_Investigations","1","0","0","0","1","0","0","0","0","0","0","0","0",
"Ecphrasis","Oxford University Press","","Oxford Handbooks Online","","","978-0-19-993539-0","","","","Book","Chapter","0001","Controlled","Regular","Unique_Item_Requests","1","0","0","0","1","0","0","0","0","0","0","0","0",
"Naucratis","Oxford University Press","","Oxford Handbooks Online","","","978-0-19-993539-0","","","","Book","","0001","Controlled","Regular","Unique_Title_Investigations","1","0","0","0","0","1","0","0","0","0","0","0","0",
"Naucratis","Oxford University Press","","Oxford Handbooks Online","","","978-0-19-993539-0","","","","Book","","0001","Controlled","Regular","Unique_Title_Requests","1","0","0","0","0","1","0","0","0","0","0","0","0",
"Naucratis","Oxford University Press","","Oxford Handbooks Online","","","978-0-19-993539-0","","","","Book","Chapter","0001","Controlled","Regular","Total_Item_Investigations","1","0","0","0","0","1","0","0","0","0","0","0","0",
"Naucratis","Oxford University Press","","Oxford Handbooks Online","","","978-0-19-993539-0","","","","Book","Chapter","0001","Controlled","Regular","Total_Item_Requests","1","0","0","0","0","1","0","0","0","0","0","0","0",
"Naucratis","Oxford University Press","","Oxford Handbooks Online","","","978-0-19-993539-0","","","","Book","Chapter","0001","Controlled","Regular","Unique_Item_Investigations","1","0","0","0","0","1","0","0","0","0","0","0","0",
"Naucratis","Oxford University Press","","Oxford Handbooks Online","","","978-0-19-993539-0","","","","Book","Chapter","0001","Controlled","Regular","Unique_Item_Requests","1","0","0","0","0","1","0","0","0","0","0","0","0",
"Philology and Greek Literature","Oxford University Press","","Oxford Handbooks Online","","","978-0-19-993539-0","","","","Book","","0001","Controlled","Regular","Unique_Title_Investigations","1","0","0","0","0","1","0","0","0","0","0","0","0",
"Philology and Greek Literature","Oxford University Press","","Oxford Handbooks Online","","","978-0-19-993539-0","","","","Book","","0001","Controlled","Regular","Unique_Title_Requests","1","0","0","0","0","1","0","0","0","0","0","0","0",
"Philology and Greek Literature","Oxford University Press","","Oxford Handbooks Online","","","978-0-19-993539-0","","","","Book","Chapter","0001","Controlled","Regular","Total_Item_Investigations","1","0","0","0","0","1","0","0","0","0","0","0","0",
"Philology and Greek Literature","Oxford University Press","","Oxford Handbooks Online","","","978-0-19-993539-0","","","","Book","Chapter","0001","Controlled","Regular","Total_Item_Requests","1","0","0","0","0","1","0","0","0","0","0","0","0",
"Philology and Greek Literature","Oxford University Press","","Oxford Handbooks Online","","","978-0-19-993539-0","","","","Book","Chapter","0001","Controlled","Regular","Unique_Item_Investigations","1","0","0","0","0","1","0","0","0","0","0","0","0",
"Philology and Greek Literature","Oxford University Press","","Oxford Handbooks Online","","","978-0-19-993539-0","","","","Book","Chapter","0001","Controlled","Regular","Unique_Item_Requests","1","0","0","0","0","1","0","0","0","0","0","0","0",
"The Oxford Handbook of Music Education, Volume 1","Oxford University Press","","Oxford Handbooks Online","","","978-0-19-973081-0","","","","Book","","0001","Controlled","Regular","Unique_Title_Investigations","1","0","0","1","0","0","0","0","0","0","0","0","0",
"The Oxford Handbook of Music Education, Volume 1","Oxford University Press","","Oxford Handbooks Online","","","978-0-19-973081-0","","","","Book","Chapter","0001","Controlled","Regular","No_License","1","0","0","1","0","0","0","0","0","0","0","0","0",
"The Oxford Handbook of Music Education, Volume 1","Oxford University Press","","Oxford Handbooks Online","","","978-0-19-973081-0","","","","Book","Chapter","0001","Controlled","Regular","Total_Item_Investigations","1","0","0","1","0","0","0","0","0","0","0","0","0",
"The Oxford Handbook of Music Education, Volume 1","Oxford University Press","","Oxford Handbooks Online","","","978-0-19-973081-0","","","","Book","Chapter","0001","Controlled","Regular","Unique_Item_Investigations","1","0","0","1","0","0","0","0","0","0","0","0","0",
"A Dictionary of Chemistry","Oxford University Press","","Oxford Reference","","","978-0-19-872282-3","","","","Book","","0001","Controlled","Regular","Unique_Title_Investigations","1","0","0","0","1","0","0","0","0","0","0","0","0",
"A Dictionary of Chemistry","Oxford University Press","","Oxford Reference","","","978-0-19-872282-3","","","","Book","","0001","Controlled","Regular","Unique_Title_Requests","1","0","0","0","1","0","0","0","0","0","0","0","0",
"A Dictionary of Chemistry","Oxford University Press","","Oxford Reference","","","978-0-19-872282-3","","","","Book","Other","0001","Controlled","Regular","Total_Item_Investigations","1","0","0","0","1","0","0","0","0","0","0","0","0",
"A Dictionary of Chemistry","Oxford University Press","","Oxford Reference","","","978-0-19-872282-3","","","","Book","Other","0001","Controlled","Regular","Total_Item_Requests","1","0","0","0","1","0","0","0","0","0","0","0","0",
"A Dictionary of Chemistry","Oxford University Press","","Oxford Reference","","","978-0-19-872282-3","","","","Book","Other","0001","Controlled","Regular","Unique_Item_Investigations","1","0","0","0","1","0","0","0","0","0","0","0","0",
"A Dictionary of Chemistry","Oxford University Press","","Oxford Reference","","","978-0-19-872282-3","","","","Book","Other","0001","Controlled","Regular","Unique_Item_Requests","1","0","0","0","1","0","0","0","0","0","0","0","0",
"A Dictionary of Chemistry","Oxford University Press","","Oxford Reference","","","978-0-19-884122-7","","","","Book","","0001","Controlled","Regular","Unique_Title_Investigations","1","0","0","1","0","0","0","0","0","0","0","0","0",
"A Dictionary of Chemistry","Oxford University Press","","Oxford Reference","","","978-0-19-884122-7","","","","Book","","0001","Controlled","Regular","Unique_Title_Requests","1","0","0","1","0","0","0","0","0","0","0","0","0",
"A Dictionary of Chemistry","Oxford University Press","","Oxford Reference","","","978-0-19-884122-7","","","","Book","Other","0001","Controlled","Regular","Total_Item_Investigations","1","0","0","1","0","0","0","0","0","0","0","0","0",
"A Dictionary of Chemistry","Oxford University Press","","Oxford Reference","","","978-0-19-884122-7","","","","Book","Other","0001","Controlled","Regular","Total_Item_Requests","1","0","0","1","0","0","0","0","0","0","0","0","0",
"A Dictionary of Chemistry","Oxford University Press","","Oxford Reference","","","978-0-19-884122-7","","","","Book","Other","0001","Controlled","Regular","Unique_Item_Investigations","1","0","0","1","0","0","0","0","0","0","0","0","0",
"A Dictionary of Chemistry","Oxford University Press","","Oxford Reference","","","978-0-19-884122-7","","","","Book","Other","0001","Controlled","Regular","Unique_Item_Requests","1","0","0","1","0","0","0","0","0","0","0","0","0",
"Black Women in America, Second Edition","Oxford University Press","","Oxford Reference","","","978-0-19-515677-5","","","","Book","","0001","Controlled","Regular","Unique_Title_Investigations","1","0","0","0","0","0","0","0","1","0","0","0","0",
"Black Women in America, Second Edition","Oxford University Press","","Oxford Reference","","","978-0-19-515677-5","","","","Book","","0001","Controlled","Regular","Unique_Title_Requests","1","0","0","0","0","0","0","0","1","0","0","0","0",
"Black Women in America, Second Edition","Oxford University Press","","Oxford Reference","","","978-0-19-515677-5","","","","Book","Other","0001","Controlled","Regular","Total_Item_Investigations","1","0","0","0","0","0","0","0","1","0","0","0","0",
"Black Women in America, Second Edition","Oxford University Press","","Oxford Reference","","","978-0-19-515677-5","","","","Book","Other","0001","Controlled","Regular","Total_Item_Requests","1","0","0","0","0","0","0","0","1","0","0","0","0",
"Black Women in America, Second Edition","Oxford University Press","","Oxford Reference","","","978-0-19-515677-5","","","","Book","Other","0001","Controlled","Regular","Unique_Item_Investigations","1","0","0","0","0","0","0","0","1","0","0","0","0",
"Black Women in America, Second Edition","Oxford University Press","","Oxford Reference","","","978-0-19-515677-5","","","","Book","Other","0001","Controlled","Regular","Unique_Item_Requests","1","0","0","0","0","0","0","0","1","0","0","0","0",
"The Canadian Oxford Dictionary","Oxford University Press","","Oxford Reference","","","978-0-19-541816-3","","","","Book","","0001","Controlled","Regular","Unique_Title_Investigations","2","0","0","0","0","2","0","0","0","0","0","0","0",
"The Canadian Oxford Dictionary","Oxford University Press","","Oxford Reference","","","978-0-19-541816-3","","","","Book","","0001","Controlled","Regular","Unique_Title_Requests","2","0","0","0","0","2","0","0","0","0","0","0","0",
"The Canadian Oxford Dictionary","Oxford University Press","","Oxford Reference","","","978-0-19-541816-3","","","","Book","Other","0001","Controlled","Regular","Total_Item_Investigations","2","0","0","0","0","2","0","0","0","0","0","0","0",
"The Canadian Oxford Dictionary","Oxford University Press","","Oxford Reference","","","978-0-19-541816-3","","","","Book","Other","0001","Controlled","Regular","Total_Item_Requests","2","0","0","0","0","2","0","0","0","0","0","0","0",
"The Canadian Oxford Dictionary","Oxford University Press","","Oxford Reference","","","978-0-19-541816-3","","","","Book","Other","0001","Controlled","Regular","Unique_Item_Investigations","2","0","0","0","0","2","0","0","0","0","0","0","0",
"The Canadian Oxford Dictionary","Oxford University Press","","Oxford Reference","","","978-0-19-541816-3","","","","Book","Other","0001","Controlled","Regular","Unique_Item_Requests","2","0","0","0","0","2","0","0","0","0","0","0","0",
"The Oxford Classical Dictionary","Oxford University Press","","Oxford Reference","","","978-0-19-860641-3","","","","Book","","0001","Controlled","Regular","Unique_Title_Investigations","1","0","1","0","0","0","0","0","0","0","0","0","0",
"The Oxford Classical Dictionary","Oxford University Press","","Oxford Reference","","","978-0-19-860641-3","","","","Book","","0001","Controlled","Regular","Unique_Title_Requests","1","0","1","0","0","0","0","0","0","0","0","0","0",
"The Oxford Classical Dictionary","Oxford University Press","","Oxford Reference","","","978-0-19-860641-3","","","","Book","Other","0001","Controlled","Regular","Total_Item_Investigations","2","0","2","0","0","0","0","0","0","0","0","0","0",
"The Oxford Classical Dictionary","Oxford University Press","","Oxford Reference","","","978-0-19-860641-3","","","","Book","Other","0001","Controlled","Regular","Total_Item_Requests","2","0","2","0","0","0","0","0","0","0","0","0","0",
"The Oxford Classical Dictionary","Oxford University Press","","Oxford Reference","","","978-0-19-860641-3","","","","Book","Other","0001","Controlled","Regular","Unique_Item_Investigations","1","0","1","0","0","0","0","0","0","0","0","0","0",
"The Oxford Classical Dictionary","Oxford University Press","","Oxford Reference","","","978-0-19-860641-3","","","","Book","Other","0001","Controlled","Regular","Unique_Item_Requests","1","0","1","0","0","0","0","0","0","0","0","0","0",
"The Oxford Classical Dictionary","Oxford University Press","","Oxford Reference","","","978-0-19-954556-8","","","","Book","","0001","Controlled","Regular","Unique_Title_Investigations","3","0","2","0","1","0","0","0","0","0","0","0","0",
"The Oxford Classical Dictionary","Oxford University Press","","Oxford Reference","","","978-0-19-954556-8","","","","Book","","0001","Controlled","Regular","Unique_Title_Requests","3","0","2","0","1","0","0","0","0","0","0","0","0",
"The Oxford Classical Dictionary","Oxford University Press","","Oxford Reference","","","978-0-19-954556-8","","","","Book","Other","0001","Controlled","Regular","Total_Item_Investigations","5","0","4","0","1","0","0","0","0","0","0","0","0",
"The Oxford Classical Dictionary","Oxford University Press","","Oxford Reference","","","978-0-19-954556-8","","","","Book","Other","0001","Controlled","Regular","Total_Item_Requests","5","0","4","0","1","0","0","0","0","0","0","0","0",
"The Oxford Classical Dictionary","Oxford University Press","","Oxford Reference","","","978-0-19-954556-8","","","","Book","Other","0001","Controlled","Regular","Unique_Item_Investigations","5","0","4","0","1","0","0","0","0","0","0","0","0",
"The Oxford Classical Dictionary","Oxford University Press","","Oxford Reference","","","978-0-19-954556-8","","","","Book","Other","0001","Controlled","Regular","Unique_Item_Requests","5","0","4","0","1","0","0","0","0","0","0","0","0",
"The Oxford Companion to Fairy Tales","Oxford University Press","","Oxford Reference","","","978-0-19-860509-6","","","","Book","","0001","Controlled","Regular","Unique_Title_Investigations","1","0","0","0","0","0","1","0","0","0","0","0","0",
"The Oxford Companion to Fairy Tales","Oxford University Press","","Oxford Reference","","","978-0-19-860509-6","","","","Book","","0001","Controlled","Regular","Unique_Title_Requests","1","0","0","0","0","0","1","0","0","0","0","0","0",
"The Oxford Companion to Fairy Tales","Oxford University Press","","Oxford Reference","","","978-0-19-860509-6","","","","Book","Other","0001","Controlled","Regular","Total_Item_Investigations","1","0","0","0","0","0","1","0","0","0","0","0","0",
"The Oxford Companion to Fairy Tales","Oxford University Press","","Oxford Reference","","","978-0-19-860509-6","","","","Book","Other","0001","Controlled","Regular","Total_Item_Requests","1","0","0","0","0","0","1","0","0","0","0","0","0",
"The Oxford Companion to Fairy Tales","Oxford University Press","","Oxford Reference","","","978-0-19-860509-6","","","","Book","Other","0001","Controlled","Regular","Unique_Item_Investigations","1","0","0","0","0","0","1","0","0","0","0","0","0",
"The Oxford Companion to Fairy Tales","Oxford University Press","","Oxford Reference","","","978-0-19-860509-6","","","","Book","Other","0001","Controlled","Regular","Unique_Item_Requests","1","0","0","0","0","0","1","0","0","0","0","0","0",
"Oxford Classical Dictionary","Oxford University Press","","Oxford Research Encyclopedias","","","978-0-19-938113-5","","","","Book","","0001","Controlled","Regular","Unique_Title_Investigations","2","0","0","0","0","0","0","0","0","2","0","0","0",
"Oxford Classical Dictionary","Oxford University Press","","Oxford Research Encyclopedias","","","978-0-19-938113-5","","","","Book","Other","0001","Controlled","Regular","No_License","2","0","0","0","0","0","0","0","0","2","0","0","0",
"Oxford Classical Dictionary","Oxford University Press","","Oxford Research Encyclopedias","","","978-0-19-938113-5","","","","Book","Other","0001","Controlled","Regular","Total_Item_Investigations","2","0","0","0","0","0","0","0","0","2","0","0","0",
"Oxford Classical Dictionary","Oxford University Press","","Oxford Research Encyclopedias","","","978-0-19-938113-5","","","","Book","Other","0001","Controlled","Regular","Unique_Item_Investigations","2","0","0","0","0","0","0","0","0","2","0","0","0",
"Oxford Research Encyclopedia of American History","Oxford University Press","","Oxford Research Encyclopedias","","","978-0-19-932917-5","","","","Book","","0001","Controlled","Regular","Unique_Title_Investigations","1","0","0","0","0","0","0","0","1","0","0","0","0",
"Oxford Research Encyclopedia of American History","Oxford University Press","","Oxford Research Encyclopedias","","","978-0-19-932917-5","","","","Book","","0001","Controlled","Regular","Unique_Title_Requests","1","0","0","0","0","0","0","0","1","0","0","0","0",
"Oxford Research Encyclopedia of American History","Oxford University Press","","Oxford Research Encyclopedias","","","978-0-19-932917-5","","","","Book","Other","0001","Controlled","Regular","Total_Item_Investigations","1","0","0","0","0","0","0","0","1","0","0","0","0",
"Oxford Research Encyclopedia of American History","Oxford University Press","","Oxford Research Encyclopedias","","","978-0-19-932917-5","","","","Book","Other","0001","Controlled","Regular","Total_Item_Requests","1","0","0","0","0","0","0","0","1","0","0","0","0",
"Oxford Research Encyclopedia of American History","Oxford University Press","","Oxford Research Encyclopedias","","","978-0-19-932917-5","","","","Book","Other","0001","Controlled","Regular","Unique_Item_Investigations","1","0","0","0","0","0","0","0","1","0","0","0","0",
"Oxford Research Encyclopedia of American History","Oxford University Press","","Oxford Research Encyclopedias","","","978-0-19-932917-5","","","","Book","Other","0001","Controlled","Regular","Unique_Item_Requests","1","0","0","0","0","0","0","0","1","0","0","0","0",
"Oxford Research Encyclopedia of International Studies","Oxford University Press","","Oxford Research Encyclopedias","","","978-0-19-084662-6","","","","Book","","0001","Controlled","Regular","Unique_Title_Investigations","1","0","0","0","0","0","0","0","0","1","0","0","0",
"Oxford Research Encyclopedia of International Studies","Oxford University Press","","Oxford Research Encyclopedias","","","978-0-19-084662-6","","","","Book","Other","0001","Controlled","Regular","No_License","2","0","0","0","0","0","0","0","0","2","0","0","0",
"Oxford Research Encyclopedia of International Studies","Oxford University Press","","Oxford Research Encyclopedias","","","978-0-19-084662-6","","","","Book","Other","0001","Controlled","Regular","Total_Item_Investigations","2","0","0","0","0","0","0","0","0","2","0","0","0",
"Oxford Research Encyclopedia of International Studies","Oxford University Press","","Oxford Research Encyclopedias","","","978-0-19-084662-6","","","","Book","Other","0001","Controlled","Regular","Unique_Item_Investigations","1","0","0","0","0","0","0","0","0","1","0","0","0",
"Oxford Research Encyclopedia of Religion","Oxford University Press","","Oxford Research Encyclopedias","","","978-0-19-934037-8","","","","Book","","0001","Controlled","Regular","Unique_Title_Investigations","1","0","0","0","0","0","0","0","0","0","1","0","0",
"Oxford Research Encyclopedia of Religion","Oxford University Press","","Oxford Research Encyclopedias","","","978-0-19-934037-8","","","","Book","Other","0001","Controlled","Regular","No_License","1","0","0","0","0","0","0","0","0","0","1","0","0",
"Oxford Research Encyclopedia of Religion","Oxford University Press","","Oxford Research Encyclopedias","","","978-0-19-934037-8","","","","Book","Other","0001","Controlled","Regular","Total_Item_Investigations","1","0","0","0","0","0","0","0","0","0","1","0","0",
"Oxford Research Encyclopedia of Religion","Oxford University Press","","Oxford Research Encyclopedias","","","978-0-19-934037-8","","","","Book","Other","0001","Controlled","Regular","Unique_Item_Investigations","1","0","0","0","0","0","0","0","0","0","1","0","0",
"Maria Edgeworth in France and Switzerland: Selections from the Edgeworth Family Letters","Oxford University Press","","Oxford Scholarly Editions Online","","","978-0-19-812518-1","","","","Book","Chapter","0001","Controlled","Regular","No_License","1","0","0","0","0","1","0","0","0","0","0","0","0",
"Oxford World's Classics: Julius Caesar: Seven Commentaries on The Gallic War: with an Eighth Commentary by Aulus Hirtius","Oxford University Press","","Oxford Scholarly Editions Online","","","978-0-19-954026-6","","","","Book","Chapter","0001","Controlled","Regular","No_License","1","0","0","0","0","0","0","0","0","0","1","0","0",
"Oxford World's Classics: Tacitus: The Annals","Oxford University Press","","Oxford Scholarly Editions Online","","","978-0-19-282421-9","","","","Book","","0001","Controlled","Regular","Unique_Title_Investigations","1","0","0","0","0","0","0","0","0","0","0","1","0",
"Oxford World's Classics: Tacitus: The Annals","Oxford University Press","","Oxford Scholarly Editions Online","","","978-0-19-282421-9","","","","Book","","0001","Controlled","Regular","Unique_Title_Requests","1","0","0","0","0","0","0","0","0","0","0","1","0",
"Oxford World's Classics: Tacitus: The Annals","Oxford University Press","","Oxford Scholarly Editions Online","","","978-0-19-282421-9","","","","Book","Chapter","0001","Controlled","Regular","Total_Item_Investigations","1","0","0","0","0","0","0","0","0","0","0","1","0",
"Oxford World's Classics: Tacitus: The Annals","Oxford University Press","","Oxford Scholarly Editions Online","","","978-0-19-282421-9","","","","Book","Chapter","0001","Controlled","Regular","Total_Item_Requests","1","0","0","0","0","0","0","0","0","0","0","1","0",
"Oxford World's Classics: Tacitus: The Annals","Oxford University Press","","Oxford Scholarly Editions Online","","","978-0-19-282421-9","","","","Book","Chapter","0001","Controlled","Regular","Unique_Item_Investigations","1","0","0","0","0","0","0","0","0","0","0","1","0",
"Oxford World's Classics: Tacitus: The Annals","Oxford University Press","","Oxford Scholarly Editions Online","","","978-0-19-282421-9","","","","Book","Chapter","0001","Controlled","Regular","Unique_Item_Requests","1","0","0","0","0","0","0","0","0","0","0","1","0",
"The Complete Works of John Milton, Vol. 6: Vernacular Regicide and Republican Writings","Oxford University Press","","Oxford Scholarly Editions Online","","","978-0-19-921805-9","","","","Book","Chapter","0001","Controlled","Regular","No_License","1","0","0","1","0","0","0","0","0","0","0","0","0",
"The Writings and Speeches of Edmund Burke, Vol. 1: The Early Writings","Oxford University Press","","Oxford Scholarly Editions Online","","","978-0-19-822415-0","","","","Book","Chapter","0001","Controlled","Regular","No_License","1","0","0","0","0","0","0","0","0","0","1","0","0",
"A History of Western Choral Music, Volume 1","Oxford University Press","","Oxford Scholarship Online","","","978-0-19-517742-8","","","","Book","","0001","Controlled","Regular","Unique_Title_Investigations","1","0","0","0","0","0","0","0","0","0","0","0","1",
"A History of Western Choral Music, Volume 1","Oxford University Press","","Oxford Scholarship Online","","","978-0-19-517742-8","","","","Book","","0001","Controlled","Regular","Unique_Title_Requests","1","0","0","0","0","0","0","0","0","0","0","0","1",
"A History of Western Choral Music, Volume 1","Oxford University Press","","Oxford Scholarship Online","","","978-0-19-517742-8","","","","Book","Chapter","0001","Controlled","Regular","Total_Item_Investigations","5","0","0","0","0","0","0","0","0","0","0","0","5",
"A History of Western Choral Music, Volume 1","Oxford University Press","","Oxford Scholarship Online","","","978-0-19-517742-8","","","","Book","Chapter","0001","Controlled","Regular","Total_Item_Requests","5","0","0","0","0","0","0","0","0","0","0","0","5",
"A History of Western Choral Music, Volume 1","Oxford University Press","","Oxford Scholarship Online","","","978-0-19-517742-8","","","","Book","Chapter","0001","Controlled","Regular","Unique_Item_Investigations","3","0","0","0","0","0","0","0","0","0","0","0","3",
"A History of Western Choral Music, Volume 1","Oxford University Press","","Oxford Scholarship Online","","","978-0-19-517742-8","","","","Book","Chapter","0001","Controlled","Regular","Unique_Item_Requests","3","0","0","0","0","0","0","0","0","0","0","0","3",
"Birth Rights and Wrongs","Oxford University Press","","Oxford Scholarship Online","","","978-0-19-067572-1","","","","Book","","0001","Controlled","Regular","Unique_Title_Investigations","1","0","0","1","0","0","0","0","0","0","0","0","0",
"Birth Rights and Wrongs","Oxford University Press","","Oxford Scholarship Online","","","978-0-19-067572-1","","","","Book","","0001","Controlled","Regular","Unique_Title_Requests","1","0","0","1","0","0","0","0","0","0","0","0","0",
"Birth Rights and Wrongs","Oxford University Press","","Oxford Scholarship Online","","","978-0-19-067572-1","","","","Book","Chapter","0001","Controlled","Regular","Total_Item_Investigations","2","0","0","2","0","0","0","0","0","0","0","0","0",
"Birth Rights and Wrongs","Oxford University Press","","Oxford Scholarship Online","","","978-0-19-067572-1","","","","Book","Chapter","0001","Controlled","Regular","Total_Item_Requests","2","0","0","2","0","0","0","0","0","0","0","0","0",
"Birth Rights and Wrongs","Oxford University Press","","Oxford Scholarship Online","","","978-0-19-067572-1","","","","Book","Chapter","0001","Controlled","Regular","Unique_Item_Investigations","2","0","0","2","0","0","0","0","0","0","0","0","0",
"Birth Rights and Wrongs","Oxford University Press","","Oxford Scholarship Online","","","978-0-19-067572-1","","","","Book","Chapter","0001","Controlled","Regular","Unique_Item_Requests","2","0","0","2","0","0","0","0","0","0","0","0","0",
"Cabals and Satires","Oxford University Press","","Oxford Scholarship Online","","","978-0-19-069263-6","","","","Book","","0001","Controlled","Regular","Unique_Title_Investigations","1","0","0","0","0","0","0","1","0","0","0","0","0",
"Cabals and Satires","Oxford University Press","","Oxford Scholarship Online","","","978-0-19-069263-6","","","","Book","","0001","Controlled","Regular","Unique_Title_Requests","1","0","0","0","0","0","0","1","0","0","0","0","0",
"Cabals and Satires","Oxford University Press","","Oxford Scholarship Online","","","978-0-19-069263-6","","","","Book","Chapter","0001","Controlled","Regular","Total_Item_Investigations","2","0","0","0","0","0","0","2","0","0","0","0","0",
"Cabals and Satires","Oxford University Press","","Oxford Scholarship Online","","","978-0-19-069263-6","","","","Book","Chapter","0001","Controlled","Regular","Total_Item_Requests","2","0","0","0","0","0","0","2","0","0","0","0","0",
"Cabals and Satires","Oxford University Press","","Oxford Scholarship Online","","","978-0-19-069263-6","","","","Book","Chapter","0001","Controlled","Regular","Unique_Item_Investigations","2","0","0","0","0","0","0","2","0","0","0","0","0",
"Cabals and Satires","Oxford University Press","","Oxford Scholarship Online","","","978-0-19-069263-6","","","","Book","Chapter","0001","Controlled","Regular","Unique_Item_Requests","2","0","0","0","0","0","0","2","0","0","0","0","0",
"Catholic Parishes of the 21st Century","Oxford University Press","","Oxford Scholarship Online","","","978-0-19-064516-8","","","","Book","","0001","Controlled","Regular","Unique_Title_Investigations","2","0","0","0","0","0","1","0","0","0","1","0","0",
"Catholic Parishes of the 21st Century","Oxford University Press","","Oxford Scholarship Online","","","978-0-19-064516-8","","","","Book","","0001","Controlled","Regular","Unique_Title_Requests","2","0","0","0","0","0","1","0","0","0","1","0","0",
"Catholic Parishes of the 21st Century","Oxford University Press","","Oxford Scholarship Online","","","978-0-19-064516-8","","","","Book","Chapter","0001","Controlled","Regular","Total_Item_Investigations","2","0","0","0","0","0","1","0","0","0","1","0","0",
"Catholic Parishes of the 21st Century","Oxford University Press","","Oxford Scholarship Online","","","978-0-19-064516-8","","","","Book","Chapter","0001","Controlled","Regular","Total_Item_Requests","2","0","0","0","0","0","1","0","0","0","1","0","0",
"Catholic Parishes of the 21st Century","Oxford University Press","","Oxford Scholarship Online","","","978-0-19-064516-8","","","","Book","Chapter","0001","Controlled","Regular","Unique_Item_Investigations","2","0","0","0","0","0","1","0","0","0","1","0","0",
"Catholic Parishes of the 21st Century","Oxford University Press","","Oxford Scholarship Online","","","978-0-19-064516-8","","","","Book","Chapter","0001","Controlled","Regular","Unique_Item_Requests","2","0","0","0","0","0","1","0","0","0","1","0","0",
"Children of Lucifer","Oxford University Press","","Oxford Scholarship Online","","","978-0-19-027510-5","","","","Book","","0001","Controlled","Regular","Unique_Title_Investigations","2","0","0","0","0","2","0","0","0","0","0","0","0",
"Children of Lucifer","Oxford University Press","","Oxford Scholarship Online","","","978-0-19-027510-5","","","","Book","","0001","Controlled","Regular","Unique_Title_Requests","2","0","0","0","0","2","0","0","0","0","0","0","0",
"Children of Lucifer","Oxford University Press","","Oxford Scholarship Online","","","978-0-19-027510-5","","","","Book","Chapter","0001","Controlled","Regular","Total_Item_Investigations","3","0","0","0","0","3","0","0","0","0","0","0","0",
"Children of Lucifer","Oxford University Press","","Oxford Scholarship Online","","","978-0-19-027510-5","","","","Book","Chapter","0001","Controlled","Regular","Total_Item_Requests","3","0","0","0","0","3","0","0","0","0","0","0","0",
"Children of Lucifer","Oxford University Press","","Oxford Scholarship Online","","","978-0-19-027510-5","","","","Book","Chapter","0001","Controlled","Regular","Unique_Item_Investigations","3","0","0","0","0","3","0","0","0","0","0","0","0",
"Children of Lucifer","Oxford University Press","","Oxford Scholarship Online","","","978-0-19-027510-5","","","","Book","Chapter","0001","Controlled","Regular","Unique_Item_Requests","3","0","0","0","0","3","0","0","0","0","0","0","0",
"Cultivated by Hand","Oxford University Press","","Oxford Scholarship Online","","","978-0-19-088490-1","","","","Book","","0001","Controlled","Regular","Unique_Title_Investigations","1","0","0","0","0","1","0","0","0","0","0","0","0",
"Cultivated by Hand","Oxford University Press","","Oxford Scholarship Online","","","978-0-19-088490-1","","","","Book","","0001","Controlled","Regular","Unique_Title_Requests","1","0","0","0","0","1","0","0","0","0","0","0","0",
"Cultivated by Hand","Oxford University Press","","Oxford Scholarship Online","","","978-0-19-088490-1","","","","Book","Chapter","0001","Controlled","Regular","Total_Item_Investigations","1","0","0","0","0","1","0","0","0","0","0","0","0",
"Cultivated by Hand","Oxford University Press","","Oxford Scholarship Online","","","978-0-19-088490-1","","","","Book","Chapter","0001","Controlled","Regular","Total_Item_Requests","1","0","0","0","0","1","0","0","0","0","0","0","0",
"Cultivated by Hand","Oxford University Press","","Oxford Scholarship Online","","","978-0-19-088490-1","","","","Book","Chapter","0001","Controlled","Regular","Unique_Item_Investigations","1","0","0","0","0","1","0","0","0","0","0","0","0",
"Cultivated by Hand","Oxford University Press","","Oxford Scholarship Online","","","978-0-19-088490-1","","","","Book","Chapter","0001","Controlled","Regular","Unique_Item_Requests","1","0","0","0","0","1","0","0","0","0","0","0","0",
"Doubtful Readers","Oxford University Press","","Oxford Scholarship Online","","","978-0-19-883647-6","","","","Book","","0001","Controlled","Regular","Unique_Title_Investigations","1","0","1","0","0","0","0","0","0","0","0","0","0",
"Doubtful Readers","Oxford University Press","","Oxford Scholarship Online","","","978-0-19-883647-6","","","","Book","","0001","Controlled","Regular","Unique_Title_Requests","1","0","1","0","0","0","0","0","0","0","0","0","0",
"Doubtful Readers","Oxford University Press","","Oxford Scholarship Online","","","978-0-19-883647-6","","","","Book","Chapter","0001","Controlled","Regular","Total_Item_Investigations","4","0","4","0","0","0","0","0","0","0","0","0","0",
"Doubtful Readers","Oxford University Press","","Oxford Scholarship Online","","","978-0-19-883647-6","","","","Book","Chapter","0001","Controlled","Regular","Total_Item_Requests","4","0","4","0","0","0","0","0","0","0","0","0","0",
"Doubtful Readers","Oxford University Press","","Oxford Scholarship Online","","","978-0-19-883647-6","","","","Book","Chapter","0001","Controlled","Regular","Unique_Item_Investigations","2","0","2","0","0","0","0","0","0","0","0","0","0",
"Doubtful Readers","Oxford University Press","","Oxford Scholarship Online","","","978-0-19-883647-6","","","","Book","Chapter","0001","Controlled","Regular","Unique_Item_Requests","2","0","2","0","0","0","0","0","0","0","0","0","0",
"Fellow Creatures","Oxford University Press","","Oxford Scholarship Online","","","978-0-19-875385-8","","","","Book","","0001","Controlled","Regular","Unique_Title_Investigations","1","0","0","0","0","0","0","1","0","0","0","0","0",
"Fellow Creatures","Oxford University Press","","Oxford Scholarship Online","","","978-0-19-875385-8","","","","Book","","0001","Controlled","Regular","Unique_Title_Requests","1","0","0","0","0","0","0","1","0","0","0","0","0",
"Fellow Creatures","Oxford University Press","","Oxford Scholarship Online","","","978-0-19-875385-8","","","","Book","Chapter","0001","Controlled","Regular","Total_Item_Investigations","1","0","0","0","0","0","0","1","0","0","0","0","0",
"Fellow Creatures","Oxford University Press","","Oxford Scholarship Online","","","978-0-19-875385-8","","","","Book","Chapter","0001","Controlled","Regular","Total_Item_Requests","1","0","0","0","0","0","0","1","0","0","0","0","0",
"Fellow Creatures","Oxford University Press","","Oxford Scholarship Online","","","978-0-19-875385-8","","","","Book","Chapter","0001","Controlled","Regular","Unique_Item_Investigations","1","0","0","0","0","0","0","1","0","0","0","0","0",
"Fellow Creatures","Oxford University Press","","Oxford Scholarship Online","","","978-0-19-875385-8","","","","Book","Chapter","0001","Controlled","Regular","Unique_Item_Requests","1","0","0","0","0","0","0","1","0","0","0","0","0",
"Framing Inequality","Oxford University Press","","Oxford Scholarship Online","","","978-0-19-088818-3","","","","Book","","0001","Controlled","Regular","Unique_Title_Investigations","1","1","0","0","0","0","0","0","0","0","0","0","0",
"Framing Inequality","Oxford University Press","","Oxford Scholarship Online","","","978-0-19-088818-3","","","","Book","","0001","Controlled","Regular","Unique_Title_Requests","1","1","0","0","0","0","0","0","0","0","0","0","0",
"Framing Inequality","Oxford University Press","","Oxford Scholarship Online","","","978-0-19-088818-3","","","","Book","Chapter","0001","Controlled","Regular","Total_Item_Investigations","1","1","0","0","0","0","0","0","0","0","0","0","0",
"Framing Inequality","Oxford University Press","","Oxford Scholarship Online","","","978-0-19-088818-3","","","","Book","Chapter","0001","Controlled","Regular","Total_Item_Requests","1","1","0","0","0","0","0","0","0","0","0","0","0",
"Framing Inequality","Oxford University Press","","Oxford Scholarship Online","","","978-0-19-088818-3","","","","Book","Chapter","0001","Controlled","Regular","Unique_Item_Investigations","1","1","0","0","0","0","0","0","0","0","0","0","0",
"Framing Inequality","Oxford University Press","","Oxford Scholarship Online","","","978-0-19-088818-3","","","","Book","Chapter","0001","Controlled","Regular","Unique_Item_Requests","1","1","0","0","0","0","0","0","0","0","0","0","0",
"Fundamentalist U","Oxford University Press","","Oxford Scholarship Online","","","978-0-19-066562-3","","","","Book","","0001","Controlled","Regular","Unique_Title_Investigations","1","0","0","0","1","0","0","0","0","0","0","0","0",
"Fundamentalist U","Oxford University Press","","Oxford Scholarship Online","","","978-0-19-066562-3","","","","Book","","0001","Controlled","Regular","Unique_Title_Requests","1","0","0","0","1","0","0","0","0","0","0","0","0",
"Fundamentalist U","Oxford University Press","","Oxford Scholarship Online","","","978-0-19-066562-3","","","","Book","Chapter","0001","Controlled","Regular","Total_Item_Investigations","1","0","0","0","1","0","0","0","0","0","0","0","0",
"Fundamentalist U","Oxford University Press","","Oxford Scholarship Online","","","978-0-19-066562-3","","","","Book","Chapter","0001","Controlled","Regular","Total_Item_Requests","1","0","0","0","1","0","0","0","0","0","0","0","0",
"Fundamentalist U","Oxford University Press","","Oxford Scholarship Online","","","978-0-19-066562-3","","","","Book","Chapter","0001","Controlled","Regular","Unique_Item_Investigations","1","0","0","0","1","0","0","0","0","0","0","0","0",
"Fundamentalist U","Oxford University Press","","Oxford Scholarship Online","","","978-0-19-066562-3","","","","Book","Chapter","0001","Controlled","Regular","Unique_Item_Requests","1","0","0","0","1","0","0","0","0","0","0","0","0",
"Housing First","Oxford University Press","","Oxford Scholarship Online","","","978-0-19-998980-5","","","","Book","","0001","Controlled","Regular","Unique_Title_Investigations","1","0","0","0","1","0","0","0","0","0","0","0","0",
"Housing First","Oxford University Press","","Oxford Scholarship Online","","","978-0-19-998980-5","","","","Book","","0001","Controlled","Regular","Unique_Title_Requests","1","0","0","0","1","0","0","0","0","0","0","0","0",
"Housing First","Oxford University Press","","Oxford Scholarship Online","","","978-0-19-998980-5","","","","Book","Chapter","0001","Controlled","Regular","Total_Item_Investigations","1","0","0","0","1","0","0","0","0","0","0","0","0",
"Housing First","Oxford University Press","","Oxford Scholarship Online","","","978-0-19-998980-5","","","","Book","Chapter","0001","Controlled","Regular","Total_Item_Requests","1","0","0","0","1","0","0","0","0","0","0","0","0",
"Housing First","Oxford University Press","","Oxford Scholarship Online","","","978-0-19-998980-5","","","","Book","Chapter","0001","Controlled","Regular","Unique_Item_Investigations","1","0","0","0","1","0","0","0","0","0","0","0","0",
"Housing First","Oxford University Press","","Oxford Scholarship Online","","","978-0-19-998980-5","","","","Book","Chapter","0001","Controlled","Regular","Unique_Item_Requests","1","0","0","0","1","0","0","0","0","0","0","0","0",
"Interpreting Herodotus","Oxford University Press","","Oxford Scholarship Online","","","978-0-19-880361-4","","","","Book","","0001","Controlled","Regular","Unique_Title_Investigations","1","1","0","0","0","0","0","0","0","0","0","0","0",
"Interpreting Herodotus","Oxford University Press","","Oxford Scholarship Online","","","978-0-19-880361-4","","","","Book","","0001","Controlled","Regular","Unique_Title_Requests","1","1","0","0","0","0","0","0","0","0","0","0","0",
"Interpreting Herodotus","Oxford University Press","","Oxford Scholarship Online","","","978-0-19-880361-4","","","","Book","Chapter","0001","Controlled","Regular","Total_Item_Investigations","1","1","0","0","0","0","0","0","0","0","0","0","0",
"Interpreting Herodotus","Oxford University Press","","Oxford Scholarship Online","","","978-0-19-880361-4","","","","Book","Chapter","0001","Controlled","Regular","Total_Item_Requests","1","1","0","0","0","0","0","0","0","0","0","0","0",
"Interpreting Herodotus","Oxford University Press","","Oxford Scholarship Online","","","978-0-19-880361-4","","","","Book","Chapter","0001","Controlled","Regular","Unique_Item_Investigations","1","1","0","0","0","0","0","0","0","0","0","0","0",
"Interpreting Herodotus","Oxford University Press","","Oxford Scholarship Online","","","978-0-19-880361-4","","","","Book","Chapter","0001","Controlled","Regular","Unique_Item_Requests","1","1","0","0","0","0","0","0","0","0","0","0","0",
"Introduction to English Legal History","Oxford University Press","","Oxford Scholarship Online","","","978-0-19-881260-9","","","","Book","","0001","Controlled","Regular","Unique_Title_Investigations","1","1","0","0","0","0","0","0","0","0","0","0","0",
"Introduction to English Legal History","Oxford University Press","","Oxford Scholarship Online","","","978-0-19-881260-9","","","","Book","","0001","Controlled","Regular","Unique_Title_Requests","1","1","0","0","0","0","0","0","0","0","0","0","0",
"Introduction to English Legal History","Oxford University Press","","Oxford Scholarship Online","","","978-0-19-881260-9","","","","Book","Chapter","0001","Controlled","Regular","Total_Item_Investigations","1","1","0","0","0","0","0","0","0","0","0","0","0",
"Introduction to English Legal History","Oxford University Press","","Oxford Scholarship Online","","","978-0-19-881260-9","","","","Book","Chapter","0001","Controlled","Regular","Total_Item_Requests","1","1","0","0","0","0","0","0","0","0","0","0","0",
"Introduction to English Legal History","Oxford University Press","","Oxford Scholarship Online","","","978-0-19-881260-9","","","","Book","Chapter","0001","Controlled","Regular","Unique_Item_Investigations","1","1","0","0","0","0","0","0","0","0","0","0","0",
"Introduction to English Legal History","Oxford University Press","","Oxford Scholarship Online","","","978-0-19-881260-9","","","","Book","Chapter","0001","Controlled","Regular","Unique_Item_Requests","1","1","0","0","0","0","0","0","0","0","0","0","0",
"Language Politics and Public Sphere in North India","Oxford University Press","","Oxford Scholarship Online","","","978-0-19-947934-4","","","","Book","","0001","Controlled","Regular","Unique_Title_Investigations","2","0","0","0","0","0","0","0","2","0","0","0","0",
"Language Politics and Public Sphere in North India","Oxford University Press","","Oxford Scholarship Online","","","978-0-19-947934-4","","","","Book","","0001","Controlled","Regular","Unique_Title_Requests","2","0","0","0","0","0","0","0","2","0","0","0","0",
"Language Politics and Public Sphere in North India","Oxford University Press","","Oxford Scholarship Online","","","978-0-19-947934-4","","","","Book","Chapter","0001","Controlled","Regular","Total_Item_Investigations","4","0","0","0","0","0","0","0","4","0","0","0","0",
"Language Politics and Public Sphere in North India","Oxford University Press","","Oxford Scholarship Online","","","978-0-19-947934-4","","","","Book","Chapter","0001","Controlled","Regular","Total_Item_Requests","4","0","0","0","0","0","0","0","4","0","0","0","0",
"Language Politics and Public Sphere in North India","Oxford University Press","","Oxford Scholarship Online","","","978-0-19-947934-4","","","","Book","Chapter","0001","Controlled","Regular","Unique_Item_Investigations","4","0","0","0","0","0","0","0","4","0","0","0","0",
"Language Politics and Public Sphere in North India","Oxford University Press","","Oxford Scholarship Online","","","978-0-19-947934-4","","","","Book","Chapter","0001","Controlled","Regular","Unique_Item_Requests","4","0","0","0","0","0","0","0","4","0","0","0","0",
"Mobilized by Injustice","Oxford University Press","","Oxford Scholarship Online","","","978-0-19-094064-5","","","","Book","","0001","Controlled","Regular","Unique_Title_Investigations","1","0","0","1","0","0","0","0","0","0","0","0","0",
"Mobilized by Injustice","Oxford University Press","","Oxford Scholarship Online","","","978-0-19-094064-5","","","","Book","","0001","Controlled","Regular","Unique_Title_Requests","1","0","0","1","0","0","0","0","0","0","0","0","0",
"Mobilized by Injustice","Oxford University Press","","Oxford Scholarship Online","","","978-0-19-094064-5","","","","Book","Chapter","0001","Controlled","Regular","Total_Item_Investigations","1","0","0","1","0","0","0","0","0","0","0","0","0",
"Mobilized by Injustice","Oxford University Press","","Oxford Scholarship Online","","","978-0-19-094064-5","","","","Book","Chapter","0001","Controlled","Regular","Total_Item_Requests","1","0","0","1","0","0","0","0","0","0","0","0","0",
"Mobilized by Injustice","Oxford University Press","","Oxford Scholarship Online","","","978-0-19-094064-5","","","","Book","Chapter","0001","Controlled","Regular","Unique_Item_Investigations","1","0","0","1","0","0","0","0","0","0","0","0","0",
"Mobilized by Injustice","Oxford University Press","","Oxford Scholarship Online","","","978-0-19-094064-5","","","","Book","Chapter","0001","Controlled","Regular","Unique_Item_Requests","1","0","0","1","0","0","0","0","0","0","0","0","0",
"Modern Misogyny","Oxford University Press","","Oxford Scholarship Online","","","978-0-19-932817-8","","","","Book","","0001","Controlled","Regular","Unique_Title_Investigations","3","0","0","3","0","0","0","0","0","0","0","0","0",
"Modern Misogyny","Oxford University Press","","Oxford Scholarship Online","","","978-0-19-932817-8","","","","Book","","0001","Controlled","Regular","Unique_Title_Requests","3","0","0","3","0","0","0","0","0","0","0","0","0",
"Modern Misogyny","Oxford University Press","","Oxford Scholarship Online","","","978-0-19-932817-8","","","","Book","Chapter","0001","Controlled","Regular","Total_Item_Investigations","9","0","0","9","0","0","0","0","0","0","0","0","0",
"Modern Misogyny","Oxford University Press","","Oxford Scholarship Online","","","978-0-19-932817-8","","","","Book","Chapter","0001","Controlled","Regular","Total_Item_Requests","9","0","0","9","0","0","0","0","0","0","0","0","0",
"Modern Misogyny","Oxford University Press","","Oxford Scholarship Online","","","978-0-19-932817-8","","","","Book","Chapter","0001","Controlled","Regular","Unique_Item_Investigations","9","0","0","9","0","0","0","0","0","0","0","0","0",
"Modern Misogyny","Oxford University Press","","Oxford Scholarship Online","","","978-0-19-932817-8","","","","Book","Chapter","0001","Controlled","Regular","Unique_Item_Requests","9","0","0","9","0","0","0","0","0","0","0","0","0",
"Mothers of Massive Resistance","Oxford University Press","","Oxford Scholarship Online","","","978-0-19-027171-8","","","","Book","","0001","Controlled","Regular","Unique_Title_Investigations","2","0","0","0","0","0","0","0","0","0","1","1","0",
"Mothers of Massive Resistance","Oxford University Press","","Oxford Scholarship Online","","","978-0-19-027171-8","","","","Book","","0001","Controlled","Regular","Unique_Title_Requests","2","0","0","0","0","0","0","0","0","0","1","1","0",
"Mothers of Massive Resistance","Oxford University Press","","Oxford Scholarship Online","","","978-0-19-027171-8","","","","Book","Chapter","0001","Controlled","Regular","Total_Item_Investigations","2","0","0","0","0","0","0","0","0","0","1","1","0",
"Mothers of Massive Resistance","Oxford University Press","","Oxford Scholarship Online","","","978-0-19-027171-8","","","","Book","Chapter","0001","Controlled","Regular","Total_Item_Requests","2","0","0","0","0","0","0","0","0","0","1","1","0",
"Mothers of Massive Resistance","Oxford University Press","","Oxford Scholarship Online","","","978-0-19-027171-8","","","","Book","Chapter","0001","Controlled","Regular","Unique_Item_Investigations","2","0","0","0","0","0","0","0","0","0","1","1","0",
"Mothers of Massive Resistance","Oxford University Press","","Oxford Scholarship Online","","","978-0-19-027171-8","","","","Book","Chapter","0001","Controlled","Regular","Unique_Item_Requests","2","0","0","0","0","0","0","0","0","0","1","1","0",
"Negotiating Opportunities","Oxford University Press","","Oxford Scholarship Online","","","978-0-19-063443-8","","","","Book","","0001","Controlled","Regular","Unique_Title_Investigations","1","0","0","0","1","0","0","0","0","0","0","0","0",
"Negotiating Opportunities","Oxford University Press","","Oxford Scholarship Online","","","978-0-19-063443-8","","","","Book","","0001","Controlled","Regular","Unique_Title_Requests","1","0","0","0","1","0","0","0","0","0","0","0","0",
"Negotiating Opportunities","Oxford University Press","","Oxford Scholarship Online","","","978-0-19-063443-8","","","","Book","Chapter","0001","Controlled","Regular","Total_Item_Investigations","1","0","0","0","1","0","0","0","0","0","0","0","0",
"Negotiating Opportunities","Oxford University Press","","Oxford Scholarship Online","","","978-0-19-063443-8","","","","Book","Chapter","0001","Controlled","Regular","Total_Item_Requests","1","0","0","0","1","0","0","0","0","0","0","0","0",
"Negotiating Opportunities","Oxford University Press","","Oxford Scholarship Online","","","978-0-19-063443-8","","","","Book","Chapter","0001","Controlled","Regular","Unique_Item_Investigations","1","0","0","0","1","0","0","0","0","0","0","0","0",
"Negotiating Opportunities","Oxford University Press","","Oxford Scholarship Online","","","978-0-19-063443-8","","","","Book","Chapter","0001","Controlled","Regular","Unique_Item_Requests","1","0","0","0","1","0","0","0","0","0","0","0","0",
"Professionalizing the Police","Oxford University Press","","Oxford Scholarship Online","","","978-0-19-881747-5","","","","Book","","0001","Controlled","Regular","Unique_Title_Investigations","1","0","0","0","0","0","0","0","0","0","0","1","0",
"Professionalizing the Police","Oxford University Press","","Oxford Scholarship Online","","","978-0-19-881747-5","","","","Book","","0001","Controlled","Regular","Unique_Title_Requests","1","0","0","0","0","0","0","0","0","0","0","1","0",
"Professionalizing the Police","Oxford University Press","","Oxford Scholarship Online","","","978-0-19-881747-5","","","","Book","Chapter","0001","Controlled","Regular","Total_Item_Investigations","1","0","0","0","0","0","0","0","0","0","0","1","0",
"Professionalizing the Police","Oxford University Press","","Oxford Scholarship Online","","","978-0-19-881747-5","","","","Book","Chapter","0001","Controlled","Regular","Total_Item_Requests","1","0","0","0","0","0","0","0","0","0","0","1","0",
"Professionalizing the Police","Oxford University Press","","Oxford Scholarship Online","","","978-0-19-881747-5","","","","Book","Chapter","0001","Controlled","Regular","Unique_Item_Investigations","1","0","0","0","0","0","0","0","0","0","0","1","0",
"Professionalizing the Police","Oxford University Press","","Oxford Scholarship Online","","","978-0-19-881747-5","","","","Book","Chapter","0001","Controlled","Regular","Unique_Item_Requests","1","0","0","0","0","0","0","0","0","0","0","1","0",
"Resetting the International Monetary (Non)System","Oxford University Press","","Oxford Scholarship Online","","","978-0-19-871811-6","","","","Book","","0001","Controlled","Regular","Unique_Title_Investigations","2","0","0","0","0","0","0","0","0","2","0","0","0",
"Resetting the International Monetary (Non)System","Oxford University Press","","Oxford Scholarship Online","","","978-0-19-871811-6","","","","Book","","0001","Controlled","Regular","Unique_Title_Requests","2","0","0","0","0","0","0","0","0","2","0","0","0",
"Resetting the International Monetary (Non)System","Oxford University Press","","Oxford Scholarship Online","","","978-0-19-871811-6","","","","Book","Chapter","0001","Controlled","Regular","Total_Item_Investigations","2","0","0","0","0","0","0","0","0","2","0","0","0",
"Resetting the International Monetary (Non)System","Oxford University Press","","Oxford Scholarship Online","","","978-0-19-871811-6","","","","Book","Chapter","0001","Controlled","Regular","Total_Item_Requests","2","0","0","0","0","0","0","0","0","2","0","0","0",
"Resetting the International Monetary (Non)System","Oxford University Press","","Oxford Scholarship Online","","","978-0-19-871811-6","","","","Book","Chapter","0001","Controlled","Regular","Unique_Item_Investigations","2","0","0","0","0","0","0","0","0","2","0","0","0",
"Resetting the International Monetary (Non)System","Oxford University Press","","Oxford Scholarship Online","","","978-0-19-871811-6","","","","Book","Chapter","0001","Controlled","Regular","Unique_Item_Requests","2","0","0","0","0","0","0","0","0","2","0","0","0",
"Speaking the Nation","Oxford University Press","","Oxford Scholarship Online","","","978-0-19-948174-3","","","","Book","","0001","Controlled","Regular","Unique_Title_Investigations","1","0","0","0","0","0","0","0","1","0","0","0","0",
"Speaking the Nation","Oxford University Press","","Oxford Scholarship Online","","","978-0-19-948174-3","","","","Book","","0001","Controlled","Regular","Unique_Title_Requests","1","0","0","0","0","0","0","0","1","0","0","0","0",
"Speaking the Nation","Oxford University Press","","Oxford Scholarship Online","","","978-0-19-948174-3","","","","Book","Chapter","0001","Controlled","Regular","Total_Item_Investigations","1","0","0","0","0","0","0","0","1","0","0","0","0",
"Speaking the Nation","Oxford University Press","","Oxford Scholarship Online","","","978-0-19-948174-3","","","","Book","Chapter","0001","Controlled","Regular","Total_Item_Requests","1","0","0","0","0","0","0","0","1","0","0","0","0",
"Speaking the Nation","Oxford University Press","","Oxford Scholarship Online","","","978-0-19-948174-3","","","","Book","Chapter","0001","Controlled","Regular","Unique_Item_Investigations","1","0","0","0","0","0","0","0","1","0","0","0","0",
"Speaking the Nation","Oxford University Press","","Oxford Scholarship Online","","","978-0-19-948174-3","","","","Book","Chapter","0001","Controlled","Regular","Unique_Item_Requests","1","0","0","0","0","0","0","0","1","0","0","0","0",
"The Border","Oxford University Press","","Oxford Scholarship Online","","","978-0-19-993867-4","","","","Book","","0001","Controlled","Regular","Unique_Title_Investigations","1","0","1","0","0","0","0","0","0","0","0","0","0",
"The Border","Oxford University Press","","Oxford Scholarship Online","","","978-0-19-993867-4","","","","Book","","0001","Controlled","Regular","Unique_Title_Requests","1","0","1","0","0","0","0","0","0","0","0","0","0",
"The Border","Oxford University Press","","Oxford Scholarship Online","","","978-0-19-993867-4","","","","Book","Chapter","0001","Controlled","Regular","Total_Item_Investigations","1","0","1","0","0","0","0","0","0","0","0","0","0",
"The Border","Oxford University Press","","Oxford Scholarship Online","","","978-0-19-993867-4","","","","Book","Chapter","0001","Controlled","Regular","Total_Item_Requests","1","0","1","0","0","0","0","0","0","0","0","0","0",
"The Border","Oxford University Press","","Oxford Scholarship Online","","","978-0-19-993867-4","","","","Book","Chapter","0001","Controlled","Regular","Unique_Item_Investigations","1","0","1","0","0","0","0","0","0","0","0","0","0",
"The Border","Oxford University Press","","Oxford Scholarship Online","","","978-0-19-993867-4","","","","Book","Chapter","0001","Controlled","Regular","Unique_Item_Requests","1","0","1","0","0","0","0","0","0","0","0","0","0",
"The Sultan’s Renegades","Oxford University Press","","Oxford Scholarship Online","","","978-0-19-879143-0","","","","Book","","0001","Controlled","Regular","Unique_Title_Investigations","1","0","0","0","0","0","1","0","0","0","0","0","0",
"The Sultan’s Renegades","Oxford University Press","","Oxford Scholarship Online","","","978-0-19-879143-0","","","","Book","","0001","Controlled","Regular","Unique_Title_Requests","1","0","0","0","0","0","1","0","0","0","0","0","0",
"The Sultan’s Renegades","Oxford University Press","","Oxford Scholarship Online","","","978-0-19-879143-0","","","","Book","Chapter","0001","Controlled","Regular","Total_Item_Investigations","1","0","0","0","0","0","1","0","0","0","0","0","0",
"The Sultan’s Renegades","Oxford University Press","","Oxford Scholarship Online","","","978-0-19-879143-0","","","","Book","Chapter","0001","Controlled","Regular","Total_Item_Requests","1","0","0","0","0","0","1","0","0","0","0","0","0",
"The Sultan’s Renegades","Oxford University Press","","Oxford Scholarship Online","","","978-0-19-879143-0","","","","Book","Chapter","0001","Controlled","Regular","Unique_Item_Investigations","1","0","0","0","0","0","1","0","0","0","0","0","0",
"The Sultan’s Renegades","Oxford University Press","","Oxford Scholarship Online","","","978-0-19-879143-0","","","","Book","Chapter","0001","Controlled","Regular","Unique_Item_Requests","1","0","0","0","0","0","1","0","0","0","0","0","0",
"Women as Foreign Policy Leaders","Oxford University Press","","Oxford Scholarship Online","","","978-0-19-087537-4","","","","Book","","0001","Controlled","Regular","Unique_Title_Investigations","1","0","0","0","0","0","0","0","0","0","1","0","0",
"Women as Foreign Policy Leaders","Oxford University Press","","Oxford Scholarship Online","","","978-0-19-087537-4","","","","Book","","0001","Controlled","Regular","Unique_Title_Requests","1","0","0","0","0","0","0","0","0","0","1","0","0",
"Women as Foreign Policy Leaders","Oxford University Press","","Oxford Scholarship Online","","","978-0-19-087537-4","","","","Book","Chapter","0001","Controlled","Regular","Total_Item_Investigations","1","0","0","0","0","0","0","0","0","0","1","0","0",
"Women as Foreign Policy Leaders","Oxford University Press","","Oxford Scholarship Online","","","978-0-19-087537-4","","","","Book","Chapter","0001","Controlled","Regular","Total_Item_Requests","1","0","0","0","0","0","0","0","0","0","1","0","0",
"Women as Foreign Policy Leaders","Oxford University Press","","Oxford Scholarship Online","","","978-0-19-087537-4","","","","Book","Chapter","0001","Controlled","Regular","Unique_Item_Investigations","1","0","0","0","0","0","0","0","0","0","1","0","0",
"Women as Foreign Policy Leaders","Oxford University Press","","Oxford Scholarship Online","","","978-0-19-087537-4","","","","Book","Chapter","0001","Controlled","Regular","Unique_Item_Requests","1","0","0","0","0","0","0","0","0","0","1","0","0",
"Making of a Teenage Service Class","Oxford University Press","","University of California Press","","","978-0-520-29205-5","","","","Book","","0001","Controlled","Regular","Unique_Title_Investigations","1","0","0","0","0","0","1","0","0","0","0","0","0",
"Making of a Teenage Service Class","Oxford University Press","","University of California Press","","","978-0-520-29205-5","","","","Book","","0001","Controlled","Regular","Unique_Title_Requests","1","0","0","0","0","0","1","0","0","0","0","0","0",
"Making of a Teenage Service Class","Oxford University Press","","University of California Press","","","978-0-520-29205-5","","","","Book","Chapter","0001","Controlled","Regular","Total_Item_Investigations","1","0","0","0","0","0","1","0","0","0","0","0","0",
"Making of a Teenage Service Class","Oxford University Press","","University of California Press","","","978-0-520-29205-5","","","","Book","Chapter","0001","Controlled","Regular","Total_Item_Requests","1","0","0","0","0","0","1","0","0","0","0","0","0",
"Making of a Teenage Service Class","Oxford University Press","","University of California Press","","","978-0-520-29205-5","","","","Book","Chapter","0001","Controlled","Regular","Unique_Item_Investigations","1","0","0","0","0","0","1","0","0","0","0","0","0",
"Making of a Teenage Service Class","Oxford University Press","","University of California Press","","","978-0-520-29205-5","","","","Book","Chapter","0001","Controlled","Regular","Unique_Item_Requests","1","0","0","0","0","0","1","0","0","0","0","0","0",
"Race and the Brazilian Body","Oxford University Press","","University of California Press","","","978-0-520-29379-3","","","","Book","","0001","Controlled","Regular","Unique_Title_Investigations","1","0","0","1","0","0","0","0","0","0","0","0","0",
"Race and the Brazilian Body","Oxford University Press","","University of California Press","","","978-0-520-29379-3","","","","Book","","0001","Controlled","Regular","Unique_Title_Requests","1","0","0","1","0","0","0","0","0","0","0","0","0",
"Race and the Brazilian Body","Oxford University Press","","University of California Press","","","978-0-520-29379-3","","","","Book","Chapter","0001","Controlled","Regular","Total_Item_Investigations","1","0","0","1","0","0","0","0","0","0","0","0","0",
"Race and the Brazilian Body","Oxford University Press","","University of California Press","","","978-0-520-29379-3","","","","Book","Chapter","0001","Controlled","Regular","Total_Item_Requests","1","0","0","1","0","0","0","0","0","0","0","0","0",
"Race and the Brazilian Body","Oxford University Press","","University of California Press","","","978-0-520-29379-3","","","","Book","Chapter","0001","Controlled","Regular","Unique_Item_Investigations","1","0","0","1","0","0","0","0","0","0","0","0","0",
"Race and the Brazilian Body","Oxford University Press","","University of California Press","","","978-0-520-29379-3","","","","Book","Chapter","0001","Controlled","Regular","Unique_Item_Requests","1","0","0","1","0","0","0","0","0","0","0","0","0",
"Seer and the City","Oxford University Press","","University of California Press","","","978-0-520-29500-1","","","","Book","","0001","Controlled","Regular","Unique_Title_Investigations","1","0","0","0","1","0","0","0","0","0","0","0","0",
"Seer and the City","Oxford University Press","","University of California Press","","","978-0-520-29500-1","","","","Book","","0001","Controlled","Regular","Unique_Title_Requests","1","0","0","0","1","0","0","0","0","0","0","0","0",
"Seer and the City","Oxford University Press","","University of California Press","","","978-0-520-29500-1","","","","Book","Chapter","0001","Controlled","Regular","Total_Item_Investigations","1","0","0","0","1","0","0","0","0","0","0","0","0",
"Seer and the City","Oxford University Press","","University of California Press","","","978-0-520-29500-1","","","","Book","Chapter","0001","Controlled","Regular","Total_Item_Requests","1","0","0","0","1","0","0","0","0","0","0","0","0",
"Seer and the City","Oxford University Press","","University of California Press","","","978-0-520-29500-1","","","","Book","Chapter","0001","Controlled","Regular","Unique_Item_Investigations","1","0","0","0","1","0","0","0","0","0","0","0","0",
"Seer and the City","Oxford University Press","","University of California Press","","","978-0-520-29500-1","","","","Book","Chapter","0001","Controlled","Regular","Unique_Item_Requests","1","0","0","0","1","0","0","0","0","0","0","0","0",
"Blackface Nation","Oxford University Press","","University of Chicago Press","","","978-0-226-45178-7","","","","Book","","0001","Controlled","Regular","Unique_Title_Investigations","2","0","0","0","0","0","0","0","0","1","1","0","0",
"Blackface Nation","Oxford University Press","","University of Chicago Press","","","978-0-226-45178-7","","","","Book","","0001","Controlled","Regular","Unique_Title_Requests","2","0","0","0","0","0","0","0","0","1","1","0","0",
"Blackface Nation","Oxford University Press","","University of Chicago Press","","","978-0-226-45178-7","","","","Book","Chapter","0001","Controlled","Regular","Total_Item_Investigations","2","0","0","0","0","0","0","0","0","1","1","0","0",
"Blackface Nation","Oxford University Press","","University of Chicago Press","","","978-0-226-45178-7","","","","Book","Chapter","0001","Controlled","Regular","Total_Item_Requests","2","0","0","0","0","0","0","0","0","1","1","0","0",
"Blackface Nation","Oxford University Press","","University of Chicago Press","","","978-0-226-45178-7","","","","Book","Chapter","0001","Controlled","Regular","Unique_Item_Investigations","2","0","0","0","0","0","0","0","0","1","1","0","0",
"Blackface Nation","Oxford University Press","","University of Chicago Press","","","978-0-226-45178-7","","","","Book","Chapter","0001","Controlled","Regular","Unique_Item_Requests","2","0","0","0","0","0","0","0","0","1","1","0","0",
"Far Out","Oxford University Press","","University of Chicago Press","","","978-0-226-42913-7","","","","Book","","0001","Controlled","Regular","Unique_Title_Investigations","1","0","0","0","1","0","0","0","0","0","0","0","0",
"Far Out","Oxford University Press","","University of Chicago Press","","","978-0-226-42913-7","","","","Book","","0001","Controlled","Regular","Unique_Title_Requests","1","0","0","0","1","0","0","0","0","0","0","0","0",
"Far Out","Oxford University Press","","University of Chicago Press","","","978-0-226-42913-7","","","","Book","Chapter","0001","Controlled","Regular","Total_Item_Investigations","1","0","0","0","1","0","0","0","0","0","0","0","0",
"Far Out","Oxford University Press","","University of Chicago Press","","","978-0-226-42913-7","","","","Book","Chapter","0001","Controlled","Regular","Total_Item_Requests","1","0","0","0","1","0","0","0","0","0","0","0","0",
"Far Out","Oxford University Press","","University of Chicago Press","","","978-0-226-42913-7","","","","Book","Chapter","0001","Controlled","Regular","Unique_Item_Investigations","1","0","0","0","1","0","0","0","0","0","0","0","0",
"Far Out","Oxford University Press","","University of Chicago Press","","","978-0-226-42913-7","","","","Book","Chapter","0001","Controlled","Regular","Unique_Item_Requests","1","0","0","0","1","0","0","0","0","0","0","0","0",
"The Legal Epic","Oxford University Press","","University of Chicago Press","","","978-0-226-43527-5","","","","Book","","0001","Controlled","Regular","Unique_Title_Investigations","2","2","0","0","0","0","0","0","0","0","0","0","0",
"The Legal Epic","Oxford University Press","","University of Chicago Press","","","978-0-226-43527-5","","","","Book","","0001","Controlled","Regular","Unique_Title_Requests","2","2","0","0","0","0","0","0","0","0","0","0","0",
"The Legal Epic","Oxford University Press","","University of Chicago Press","","","978-0-226-43527-5","","","","Book","Chapter","0001","Controlled","Regular","Total_Item_Investigations","2","2","0","0","0","0","0","0","0","0","0","0","0",
"The Legal Epic","Oxford University Press","","University of Chicago Press","","","978-0-226-43527-5","","","","Book","Chapter","0001","Controlled","Regular","Total_Item_Requests","2","2","0","0","0","0","0","0","0","0","0","0","0",
"The Legal Epic","Oxford University Press","","University of Chicago Press","","","978-0-226-43527-5","","","","Book","Chapter","0001","Controlled","Regular","Unique_Item_Investigations","2","2","0","0","0","0","0","0","0","0","0","0","0",
"The Legal Epic","Oxford University Press","","University of Chicago Press","","","978-0-226-43527-5","","","","Book","Chapter","0001","Controlled","Regular","Unique_Item_Requests","2","2","0","0","0","0","0","0","0","0","0","0","0",
"The Powhatan Landscape","Oxford University Press","","University Press of Florida","","","978-0-8130-6286-0","","","","Book","","0001","Controlled","Regular","Unique_Title_Investigations","1","0","1","0","0","0","0","0","0","0","0","0","0",
"The Powhatan Landscape","Oxford University Press","","University Press of Florida","","","978-0-8130-6286-0","","","","Book","","0001","Controlled","Regular","Unique_Title_Requests","1","0","1","0","0","0","0","0","0","0","0","0","0",
"The Powhatan Landscape","Oxford University Press","","University Press of Florida","","","978-0-8130-6286-0","","","","Book","Chapter","0001","Controlled","Regular","Total_Item_Investigations","2","0","2","0","0","0","0","0","0","0","0","0","0",
"The Powhatan Landscape","Oxford University Press","","University Press of Florida","","","978-0-8130-6286-0","","","","Book","Chapter","0001","Controlled","Regular","Total_Item_Requests","2","0","2","0","0","0","0","0","0","0","0","0","0",
"The Powhatan Landscape","Oxford University Press","","University Press of Florida","","","978-0-8130-6286-0","","","","Book","Chapter","0001","Controlled","Regular","Unique_Item_Investigations","2","0","2","0","0","0","0","0","0","0","0","0","0",
"The Powhatan Landscape","Oxford University Press","","University Press of Florida","","","978-0-8130-6286-0","","","","Book","Chapter","0001","Controlled","Regular","Unique_Item_Requests","2","0","2","0","0","0","0","0","0","0","0","0","0",
"Black Feelings","Oxford University Press","","University Press of Mississippi","","","978-1-4968-2794-4","","","","Book","","0001","Controlled","Regular","Unique_Title_Investigations","1","0","0","0","0","0","0","0","0","0","0","1","0",
"Black Feelings","Oxford University Press","","University Press of Mississippi","","","978-1-4968-2794-4","","","","Book","","0001","Controlled","Regular","Unique_Title_Requests","1","0","0","0","0","0","0","0","0","0","0","1","0",
"Black Feelings","Oxford University Press","","University Press of Mississippi","","","978-1-4968-2794-4","","","","Book","Chapter","0001","Controlled","Regular","Total_Item_Investigations","1","0","0","0","0","0","0","0","0","0","0","1","0",
"Black Feelings","Oxford University Press","","University Press of Mississippi","","","978-1-4968-2794-4","","","","Book","Chapter","0001","Controlled","Regular","Total_Item_Requests","1","0","0","0","0","0","0","0","0","0","0","1","0",
"Black Feelings","Oxford University Press","","University Press of Mississippi","","","978-1-4968-2794-4","","","","Book","Chapter","0001","Controlled","Regular","Unique_Item_Investigations","1","0","0","0","0","0","0","0","0","0","0","1","0",
"Black Feelings","Oxford University Press","","University Press of Mississippi","","","978-1-4968-2794-4","","","","Book","Chapter","0001","Controlled","Regular","Unique_Item_Requests","1","0","0","0","0","0","0","0","0","0","0","1","0",
"Making of a Teenage Service Class","Oxford University Press","","University Press Scholarship Online","","","978-0-520-29205-5","","","","Book","","0001","Controlled","Regular","Unique_Title_Investigations","1","0","0","0","0","1","0","0","0","0","0","0","0",
"Making of a Teenage Service Class","Oxford University Press","","University Press Scholarship Online","","","978-0-520-29205-5","","","","Book","","0001","Controlled","Regular","Unique_Title_Requests","1","0","0","0","0","1","0","0","0","0","0","0","0",
"Making of a Teenage Service Class","Oxford University Press","","University Press Scholarship Online","","","978-0-520-29205-5","","","","Book","Chapter","0001","Controlled","Regular","Total_Item_Investigations","1","0","0","0","0","1","0","0","0","0","0","0","0",
"Making of a Teenage Service Class","Oxford University Press","","University Press Scholarship Online","","","978-0-520-29205-5","","","","Book","Chapter","0001","Controlled","Regular","Total_Item_Requests","1","0","0","0","0","1","0","0","0","0","0","0","0",
"Making of a Teenage Service Class","Oxford University Press","","University Press Scholarship Online","","","978-0-520-29205-5","","","","Book","Chapter","0001","Controlled","Regular","Unique_Item_Investigations","1","0","0","0","0","1","0","0","0","0","0","0","0",
"Making of a Teenage Service Class","Oxford University Press","","University Press Scholarship Online","","","978-0-520-29205-5","","","","Book","Chapter","0001","Controlled","Regular","Unique_Item_Requests","1","0","0","0","0","1","0","0","0","0","0","0","0",
"First Americans","Oxford University Press","","Yale University Press","","","978-0-300-22433-7","","","","Book","","0001","Controlled","Regular","Unique_Title_Investigations","1","0","0","0","1","0","0","0","0","0","0","0","0",
"First Americans","Oxford University Press","","Yale University Press","","","978-0-300-22433-7","","","","Book","","0001","Controlled","Regular","Unique_Title_Requests","1","0","0","0","1","0","0","0","0","0","0","0","0",
"First Americans","Oxford University Press","","Yale University Press","","","978-0-300-22433-7","","","","Book","Chapter","0001","Controlled","Regular","Total_Item_Investigations","2","0","0","0","2","0","0","0","0","0","0","0","0",
"First Americans","Oxford University Press","","Yale University Press","","","978-0-300-22433-7","","","","Book","Chapter","0001","Controlled","Regular","Total_Item_Requests","2","0","0","0","2","0","0","0","0","0","0","0","0",
"First Americans","Oxford University Press","","Yale University Press","","","978-0-300-22433-7","","","","Book","Chapter","0001","Controlled","Regular","Unique_Item_Investigations","2","0","0","0","2","0","0","0","0","0","0","0","0",
"First Americans","Oxford University Press","","Yale University Press","","","978-0-300-22433-7","","","","Book","Chapter","0001","Controlled","Regular","Unique_Item_Requests","2","0","0","0","2","0","0","0","0","0","0","0","0",
