Report_Name,"Title Master Report"
Report_ID,"TR"
Release,"5"
Institution_Name,"University of Mary Washington"
Institution_ID,"sagepub:115139"
Metric_Types,""
Report_Filters,""
Report_Attributes,"Attributes_To_Show=Access_Method|Access_Type|Data_Type|Section_Type|YOP"
Exceptions,""
Reporting_Period,"Begin_Date=2020-07-01; End_Date=2021-06-30"
Created,"2022-01-12T19:15:28Z"
Created_By,"SAGE Publishing SecureCenter"

"Title","Publisher","Publisher_ID","Platform","DOI","Proprietary_ID","ISBN","Print_ISSN","Online_ISSN","URI","Data_Type","Section_Type","YOP","Access_Type","Access_Method","Metric_Type","Reporting_Period_Total","Jul-2020","Aug-2020","Sep-2020","Oct-2020","Nov-2020","Dec-2020","Jan-2021","Feb-2021","Mar-2021","Apr-2021","May-2021","Jun-2021"
"A League on Its Own: Major League Soccer’s Decision to Ignore Calls to Move to a European Model","SAGE Publications","sagepub:sage-publications","SAGE Knowledge","10.4135/9781526445711","","978-1-52-644571-1","","","","Book","","2018","Controlled","Regular","Unique_Title_Investigations","1","0","0","0","0","0","0","0","1","0","0","0","0"
"A League on Its Own: Major League Soccer’s Decision to Ignore Calls to Move to a European Model","SAGE Publications","sagepub:sage-publications","SAGE Knowledge","10.4135/9781526445711","","978-1-52-644571-1","","","","Book","Book","0001","Controlled","Regular","No_License","1","0","0","0","0","0","0","0","1","0","0","0","0"
"A League on Its Own: Major League Soccer’s Decision to Ignore Calls to Move to a European Model","SAGE Publications","sagepub:sage-publications","SAGE Knowledge","10.4135/9781526445711","","978-1-52-644571-1","","","","Book","Book","2018","Controlled","Regular","Total_Item_Investigations","1","0","0","0","0","0","0","0","1","0","0","0","0"
"A League on Its Own: Major League Soccer’s Decision to Ignore Calls to Move to a European Model","SAGE Publications","sagepub:sage-publications","SAGE Knowledge","10.4135/9781526445711","","978-1-52-644571-1","","","","Book","Book","2018","Controlled","Regular","Unique_Item_Investigations","1","0","0","0","0","0","0","0","1","0","0","0","0"
"Beyond Sex and Gender","SAGE Publications","sagepub:sage-publications","SAGE Knowledge","10.4135/9781446217702","206107","978-1-44-621770-2","","9780-0761","","Book","","2012","Controlled","Regular","Unique_Title_Investigations","1","0","0","0","1","0","0","0","0","0","0","0","0"
"Beyond Sex and Gender","SAGE Publications","sagepub:sage-publications","SAGE Knowledge","10.4135/9781446217702","206107","978-1-44-621770-2","","9780-0761","","Book","Chapter","0001","Controlled","Regular","No_License","1","0","0","0","1","0","0","0","0","0","0","0","0"
"Beyond Sex and Gender","SAGE Publications","sagepub:sage-publications","SAGE Knowledge","10.4135/9781446217702","206107","978-1-44-621770-2","","9780-0761","","Book","Chapter","2012","Controlled","Regular","Total_Item_Investigations","2","0","0","0","2","0","0","0","0","0","0","0","0"
"Beyond Sex and Gender","SAGE Publications","sagepub:sage-publications","SAGE Knowledge","10.4135/9781446217702","206107","978-1-44-621770-2","","9780-0761","","Book","Chapter","2012","Controlled","Regular","Unique_Item_Investigations","2","0","0","0","2","0","0","0","0","0","0","0","0"
"CQ Researcher","CQ Press","sagepub:cq-press","CQ Press Library","","","1056-2036","","1056-2036","","Report","","1943","Controlled","Regular","Unique_Title_Investigations","1","0","0","1","0","0","0","0","0","0","0","0","0"
"CQ Researcher","CQ Press","sagepub:cq-press","CQ Press Library","","","1056-2036","","1056-2036","","Report","","1953","Controlled","Regular","Unique_Title_Investigations","1","0","0","0","0","0","0","1","0","0","0","0","0"
"CQ Researcher","CQ Press","sagepub:cq-press","CQ Press Library","","","1056-2036","","1056-2036","","Report","","1966","Controlled","Regular","Unique_Title_Investigations","1","0","0","0","1","0","0","0","0","0","0","0","0"
"CQ Researcher","CQ Press","sagepub:cq-press","CQ Press Library","","","1056-2036","","1056-2036","","Report","","1968","Controlled","Regular","Unique_Title_Investigations","1","0","0","0","0","0","0","0","1","0","0","0","0"
"CQ Researcher","CQ Press","sagepub:cq-press","CQ Press Library","","","1056-2036","","1056-2036","","Report","","1985","Controlled","Regular","Unique_Title_Investigations","2","0","0","0","2","0","0","0","0","0","0","0","0"
"CQ Researcher","CQ Press","sagepub:cq-press","CQ Press Library","","","1056-2036","","1056-2036","","Report","","1943","Controlled","Regular","Unique_Title_Requests","1","0","0","1","0","0","0","0","0","0","0","0","0"
"CQ Researcher","CQ Press","sagepub:cq-press","CQ Press Library","","","1056-2036","","1056-2036","","Report","","1953","Controlled","Regular","Unique_Title_Requests","1","0","0","0","0","0","0","1","0","0","0","0","0"
"CQ Researcher","CQ Press","sagepub:cq-press","CQ Press Library","","","1056-2036","","1056-2036","","Report","","1966","Controlled","Regular","Unique_Title_Requests","1","0","0","0","1","0","0","0","0","0","0","0","0"
"CQ Researcher","CQ Press","sagepub:cq-press","CQ Press Library","","","1056-2036","","1056-2036","","Report","","1968","Controlled","Regular","Unique_Title_Requests","1","0","0","0","0","0","0","0","1","0","0","0","0"
"CQ Researcher","CQ Press","sagepub:cq-press","CQ Press Library","","","1056-2036","","1056-2036","","Report","","1985","Controlled","Regular","Unique_Title_Requests","2","0","0","0","2","0","0","0","0","0","0","0","0"
"CQ Researcher","CQ Press","sagepub:cq-press","CQ Press Library","","","1056-2036","","1056-2036","","Report","Article","2012","Controlled","Regular","No_License","1","0","0","1","0","0","0","0","0","0","0","0","0"
"CQ Researcher","CQ Press","sagepub:cq-press","CQ Press Library","","","1056-2036","","1056-2036","","Report","Article","2018","Controlled","Regular","No_License","2","0","0","1","0","1","0","0","0","0","0","0","0"
"CQ Researcher","CQ Press","sagepub:cq-press","CQ Press Library","","","1056-2036","","1056-2036","","Report","Article","1943","Controlled","Regular","Total_Item_Investigations","1","0","0","1","0","0","0","0","0","0","0","0","0"
"CQ Researcher","CQ Press","sagepub:cq-press","CQ Press Library","","","1056-2036","","1056-2036","","Report","Article","1953","Controlled","Regular","Total_Item_Investigations","1","0","0","0","0","0","0","1","0","0","0","0","0"
"CQ Researcher","CQ Press","sagepub:cq-press","CQ Press Library","","","1056-2036","","1056-2036","","Report","Article","1966","Controlled","Regular","Total_Item_Investigations","1","0","0","0","1","0","0","0","0","0","0","0","0"
"CQ Researcher","CQ Press","sagepub:cq-press","CQ Press Library","","","1056-2036","","1056-2036","","Report","Article","1968","Controlled","Regular","Total_Item_Investigations","1","0","0","0","0","0","0","0","1","0","0","0","0"
"CQ Researcher","CQ Press","sagepub:cq-press","CQ Press Library","","","1056-2036","","1056-2036","","Report","Article","1985","Controlled","Regular","Total_Item_Investigations","2","0","0","0","2","0","0","0","0","0","0","0","0"
"CQ Researcher","CQ Press","sagepub:cq-press","CQ Press Library","","","1056-2036","","1056-2036","","Report","Article","1943","Controlled","Regular","Total_Item_Requests","1","0","0","1","0","0","0","0","0","0","0","0","0"
"CQ Researcher","CQ Press","sagepub:cq-press","CQ Press Library","","","1056-2036","","1056-2036","","Report","Article","1953","Controlled","Regular","Total_Item_Requests","1","0","0","0","0","0","0","1","0","0","0","0","0"
"CQ Researcher","CQ Press","sagepub:cq-press","CQ Press Library","","","1056-2036","","1056-2036","","Report","Article","1966","Controlled","Regular","Total_Item_Requests","1","0","0","0","1","0","0","0","0","0","0","0","0"
"CQ Researcher","CQ Press","sagepub:cq-press","CQ Press Library","","","1056-2036","","1056-2036","","Report","Article","1968","Controlled","Regular","Total_Item_Requests","1","0","0","0","0","0","0","0","1","0","0","0","0"
"CQ Researcher","CQ Press","sagepub:cq-press","CQ Press Library","","","1056-2036","","1056-2036","","Report","Article","1985","Controlled","Regular","Total_Item_Requests","2","0","0","0","2","0","0","0","0","0","0","0","0"
"CQ Researcher","CQ Press","sagepub:cq-press","CQ Press Library","","","1056-2036","","1056-2036","","Report","Article","1943","Controlled","Regular","Unique_Item_Investigations","1","0","0","1","0","0","0","0","0","0","0","0","0"
"CQ Researcher","CQ Press","sagepub:cq-press","CQ Press Library","","","1056-2036","","1056-2036","","Report","Article","1953","Controlled","Regular","Unique_Item_Investigations","1","0","0","0","0","0","0","1","0","0","0","0","0"
"CQ Researcher","CQ Press","sagepub:cq-press","CQ Press Library","","","1056-2036","","1056-2036","","Report","Article","1966","Controlled","Regular","Unique_Item_Investigations","1","0","0","0","1","0","0","0","0","0","0","0","0"
"CQ Researcher","CQ Press","sagepub:cq-press","CQ Press Library","","","1056-2036","","1056-2036","","Report","Article","1968","Controlled","Regular","Unique_Item_Investigations","1","0","0","0","0","0","0","0","1","0","0","0","0"
"CQ Researcher","CQ Press","sagepub:cq-press","CQ Press Library","","","1056-2036","","1056-2036","","Report","Article","1985","Controlled","Regular","Unique_Item_Investigations","2","0","0","0","2","0","0","0","0","0","0","0","0"
"CQ Researcher","CQ Press","sagepub:cq-press","CQ Press Library","","","1056-2036","","1056-2036","","Report","Article","1943","Controlled","Regular","Unique_Item_Requests","1","0","0","1","0","0","0","0","0","0","0","0","0"
"CQ Researcher","CQ Press","sagepub:cq-press","CQ Press Library","","","1056-2036","","1056-2036","","Report","Article","1953","Controlled","Regular","Unique_Item_Requests","1","0","0","0","0","0","0","1","0","0","0","0","0"
"CQ Researcher","CQ Press","sagepub:cq-press","CQ Press Library","","","1056-2036","","1056-2036","","Report","Article","1966","Controlled","Regular","Unique_Item_Requests","1","0","0","0","1","0","0","0","0","0","0","0","0"
"CQ Researcher","CQ Press","sagepub:cq-press","CQ Press Library","","","1056-2036","","1056-2036","","Report","Article","1968","Controlled","Regular","Unique_Item_Requests","1","0","0","0","0","0","0","0","1","0","0","0","0"
"CQ Researcher","CQ Press","sagepub:cq-press","CQ Press Library","","","1056-2036","","1056-2036","","Report","Article","1985","Controlled","Regular","Unique_Item_Requests","2","0","0","0","2","0","0","0","0","0","0","0","0"
"Disability Studies","SAGE Publications","sagepub:sage-publications","SAGE Knowledge","10.4135/9781473957701","240396","978-1-47-395770-1","","9781-1446","","Book","","2015","Controlled","Regular","Unique_Title_Investigations","1","0","0","0","1","0","0","0","0","0","0","0","0"
"Disability Studies","SAGE Publications","sagepub:sage-publications","SAGE Knowledge","10.4135/9781473957701","240396","978-1-47-395770-1","","9781-1446","","Book","Chapter","0001","Controlled","Regular","No_License","1","0","0","0","1","0","0","0","0","0","0","0","0"
"Disability Studies","SAGE Publications","sagepub:sage-publications","SAGE Knowledge","10.4135/9781473957701","240396","978-1-47-395770-1","","9781-1446","","Book","Chapter","2015","Controlled","Regular","Total_Item_Investigations","1","0","0","0","1","0","0","0","0","0","0","0","0"
"Disability Studies","SAGE Publications","sagepub:sage-publications","SAGE Knowledge","10.4135/9781473957701","240396","978-1-47-395770-1","","9781-1446","","Book","Chapter","2015","Controlled","Regular","Unique_Item_Investigations","1","0","0","0","1","0","0","0","0","0","0","0","0"
"Effective Leadership","SAGE Publications","sagepub:sage-publications","SAGE Knowledge","10.4135/9781544308524","232558","978-1-54-430852-4","","9781-1412","","Book","","2017","Controlled","Regular","Unique_Title_Investigations","1","0","0","0","0","0","0","0","0","1","0","0","0"
"Effective Leadership","SAGE Publications","sagepub:sage-publications","SAGE Knowledge","10.4135/9781544308524","232558","978-1-54-430852-4","","9781-1412","","Book","Chapter","0001","Controlled","Regular","No_License","1","0","0","0","0","0","0","0","0","1","0","0","0"
"Effective Leadership","SAGE Publications","sagepub:sage-publications","SAGE Knowledge","10.4135/9781544308524","232558","978-1-54-430852-4","","9781-1412","","Book","Chapter","2017","Controlled","Regular","Total_Item_Investigations","1","0","0","0","0","0","0","0","0","1","0","0","0"
"Effective Leadership","SAGE Publications","sagepub:sage-publications","SAGE Knowledge","10.4135/9781544308524","232558","978-1-54-430852-4","","9781-1412","","Book","Chapter","2017","Controlled","Regular","Unique_Item_Investigations","1","0","0","0","0","0","0","0","0","1","0","0","0"
"Encyclopedia of Case Study Research","SAGE Publications","sagepub:sage-publications","SAGE Knowledge","10.4135/9781412957397","","978-1-41-295739-7","","9781-1412","","Book","","2012","Controlled","Regular","Unique_Title_Investigations","5","0","0","2","2","1","0","0","0","0","0","0","0"
"Encyclopedia of Case Study Research","SAGE Publications","sagepub:sage-publications","SAGE Knowledge","10.4135/9781412957397","","978-1-41-295739-7","","9781-1412","","Book","Chapter","0001","Controlled","Regular","No_License","7","0","0","4","2","1","0","0","0","0","0","0","0"
"Encyclopedia of Case Study Research","SAGE Publications","sagepub:sage-publications","SAGE Knowledge","10.4135/9781412957397","","978-1-41-295739-7","","9781-1412","","Book","Chapter","2012","Controlled","Regular","Total_Item_Investigations","7","0","0","4","2","1","0","0","0","0","0","0","0"
"Encyclopedia of Case Study Research","SAGE Publications","sagepub:sage-publications","SAGE Knowledge","10.4135/9781412957397","","978-1-41-295739-7","","9781-1412","","Book","Chapter","2012","Controlled","Regular","Unique_Item_Investigations","6","0","0","3","2","1","0","0","0","0","0","0","0"
"Encyclopedia of Counseling","SAGE Publications","sagepub:sage-publications","SAGE Knowledge","10.4135/9781412963978","","978-1-41-296397-8","","9781-1412","","Book","","2008","Controlled","Regular","Unique_Title_Investigations","1","0","0","0","0","0","0","0","0","1","0","0","0"
"Encyclopedia of Counseling","SAGE Publications","sagepub:sage-publications","SAGE Knowledge","10.4135/9781412963978","","978-1-41-296397-8","","9781-1412","","Book","Chapter","0001","Controlled","Regular","No_License","1","0","0","0","0","0","0","0","0","1","0","0","0"
"Encyclopedia of Counseling","SAGE Publications","sagepub:sage-publications","SAGE Knowledge","10.4135/9781412963978","","978-1-41-296397-8","","9781-1412","","Book","Chapter","2008","Controlled","Regular","Total_Item_Investigations","1","0","0","0","0","0","0","0","0","1","0","0","0"
"Encyclopedia of Counseling","SAGE Publications","sagepub:sage-publications","SAGE Knowledge","10.4135/9781412963978","","978-1-41-296397-8","","9781-1412","","Book","Chapter","2008","Controlled","Regular","Unique_Item_Investigations","1","0","0","0","0","0","0","0","0","1","0","0","0"
"Encyclopedia of Criminological Theory","SAGE Publications","sagepub:sage-publications","SAGE Knowledge","10.4135/9781412959193","","978-1-41-295919-3","","9781-1412","","Book","","2010","Controlled","Regular","Unique_Title_Investigations","1","0","0","0","0","0","0","0","1","0","0","0","0"
"Encyclopedia of Criminological Theory","SAGE Publications","sagepub:sage-publications","SAGE Knowledge","10.4135/9781412959193","","978-1-41-295919-3","","9781-1412","","Book","Chapter","0001","Controlled","Regular","No_License","1","0","0","0","0","0","0","0","1","0","0","0","0"
"Encyclopedia of Criminological Theory","SAGE Publications","sagepub:sage-publications","SAGE Knowledge","10.4135/9781412959193","","978-1-41-295919-3","","9781-1412","","Book","Chapter","2010","Controlled","Regular","Total_Item_Investigations","1","0","0","0","0","0","0","0","1","0","0","0","0"
"Encyclopedia of Criminological Theory","SAGE Publications","sagepub:sage-publications","SAGE Knowledge","10.4135/9781412959193","","978-1-41-295919-3","","9781-1412","","Book","Chapter","2010","Controlled","Regular","Unique_Item_Investigations","1","0","0","0","0","0","0","0","1","0","0","0","0"
"Encyclopedia of Diversity in Education","SAGE Publications","sagepub:sage-publications","SAGE Knowledge","10.4135/9781452218533","","978-1-45-221853-3","","9781-1412","","Book","","2012","Controlled","Regular","Unique_Title_Investigations","2","0","0","0","0","0","0","0","0","1","1","0","0"
"Encyclopedia of Diversity in Education","SAGE Publications","sagepub:sage-publications","SAGE Knowledge","10.4135/9781452218533","","978-1-45-221853-3","","9781-1412","","Book","Chapter","0001","Controlled","Regular","No_License","2","0","0","0","0","0","0","0","0","1","1","0","0"
"Encyclopedia of Diversity in Education","SAGE Publications","sagepub:sage-publications","SAGE Knowledge","10.4135/9781452218533","","978-1-45-221853-3","","9781-1412","","Book","Chapter","2012","Controlled","Regular","Total_Item_Investigations","2","0","0","0","0","0","0","0","0","1","1","0","0"
"Encyclopedia of Diversity in Education","SAGE Publications","sagepub:sage-publications","SAGE Knowledge","10.4135/9781452218533","","978-1-45-221853-3","","9781-1412","","Book","Chapter","2012","Controlled","Regular","Unique_Item_Investigations","2","0","0","0","0","0","0","0","0","1","1","0","0"
"Encyclopedia of Educational Theory and Philosophy","SAGE Publications","sagepub:sage-publications","SAGE Knowledge","10.4135/9781483346229","73886","978-1-48-334622-9","","9781-1452","","Book","","2014","Controlled","Regular","Unique_Title_Investigations","1","0","0","1","0","0","0","0","0","0","0","0","0"
"Encyclopedia of Educational Theory and Philosophy","SAGE Publications","sagepub:sage-publications","SAGE Knowledge","10.4135/9781483346229","73886","978-1-48-334622-9","","9781-1452","","Book","Chapter","0001","Controlled","Regular","No_License","1","0","0","1","0","0","0","0","0","0","0","0","0"
"Encyclopedia of Educational Theory and Philosophy","SAGE Publications","sagepub:sage-publications","SAGE Knowledge","10.4135/9781483346229","73886","978-1-48-334622-9","","9781-1452","","Book","Chapter","2014","Controlled","Regular","Total_Item_Investigations","1","0","0","1","0","0","0","0","0","0","0","0","0"
"Encyclopedia of Educational Theory and Philosophy","SAGE Publications","sagepub:sage-publications","SAGE Knowledge","10.4135/9781483346229","73886","978-1-48-334622-9","","9781-1452","","Book","Chapter","2014","Controlled","Regular","Unique_Item_Investigations","1","0","0","1","0","0","0","0","0","0","0","0","0"
"Encyclopedia of Global Warming and Climate Change","SAGE Publications","sagepub:sage-publications","SAGE Knowledge","10.4135/9781412963893","","978-1-41-296389-3","","9781-1412","","Book","","2008","Controlled","Regular","Unique_Title_Investigations","1","0","0","1","0","0","0","0","0","0","0","0","0"
"Encyclopedia of Global Warming and Climate Change","SAGE Publications","sagepub:sage-publications","SAGE Knowledge","10.4135/9781412963893","","978-1-41-296389-3","","9781-1412","","Book","Chapter","0001","Controlled","Regular","No_License","1","0","0","1","0","0","0","0","0","0","0","0","0"
"Encyclopedia of Global Warming and Climate Change","SAGE Publications","sagepub:sage-publications","SAGE Knowledge","10.4135/9781412963893","","978-1-41-296389-3","","9781-1412","","Book","Chapter","2008","Controlled","Regular","Total_Item_Investigations","1","0","0","1","0","0","0","0","0","0","0","0","0"
"Encyclopedia of Global Warming and Climate Change","SAGE Publications","sagepub:sage-publications","SAGE Knowledge","10.4135/9781412963893","","978-1-41-296389-3","","9781-1412","","Book","Chapter","2008","Controlled","Regular","Unique_Item_Investigations","1","0","0","1","0","0","0","0","0","0","0","0","0"
"Encyclopedia of Governance","SAGE Publications","sagepub:sage-publications","SAGE Knowledge","10.4135/9781412952613","","978-1-41-295261-3","","9781-1412","","Book","","2007","Controlled","Regular","Unique_Title_Investigations","1","0","0","0","0","0","0","1","0","0","0","0","0"
"Encyclopedia of Governance","SAGE Publications","sagepub:sage-publications","SAGE Knowledge","10.4135/9781412952613","","978-1-41-295261-3","","9781-1412","","Book","Chapter","0001","Controlled","Regular","No_License","1","0","0","0","0","0","0","1","0","0","0","0","0"
"Encyclopedia of Governance","SAGE Publications","sagepub:sage-publications","SAGE Knowledge","10.4135/9781412952613","","978-1-41-295261-3","","9781-1412","","Book","Chapter","2007","Controlled","Regular","Total_Item_Investigations","1","0","0","0","0","0","0","1","0","0","0","0","0"
"Encyclopedia of Governance","SAGE Publications","sagepub:sage-publications","SAGE Knowledge","10.4135/9781412952613","","978-1-41-295261-3","","9781-1412","","Book","Chapter","2007","Controlled","Regular","Unique_Item_Investigations","1","0","0","0","0","0","0","1","0","0","0","0","0"
"Encyclopedia of Identity","SAGE Publications","sagepub:sage-publications","SAGE Knowledge","10.4135/9781412979306","","978-1-41-297930-6","","9781-1412","","Book","","2010","Controlled","Regular","Unique_Title_Investigations","3","0","0","1","0","0","0","0","1","1","0","0","0"
"Encyclopedia of Identity","SAGE Publications","sagepub:sage-publications","SAGE Knowledge","10.4135/9781412979306","","978-1-41-297930-6","","9781-1412","","Book","Chapter","0001","Controlled","Regular","No_License","3","0","0","1","0","0","0","0","1","1","0","0","0"
"Encyclopedia of Identity","SAGE Publications","sagepub:sage-publications","SAGE Knowledge","10.4135/9781412979306","","978-1-41-297930-6","","9781-1412","","Book","Chapter","2010","Controlled","Regular","Total_Item_Investigations","3","0","0","1","0","0","0","0","1","1","0","0","0"
"Encyclopedia of Identity","SAGE Publications","sagepub:sage-publications","SAGE Knowledge","10.4135/9781412979306","","978-1-41-297930-6","","9781-1412","","Book","Chapter","2010","Controlled","Regular","Unique_Item_Investigations","3","0","0","1","0","0","0","0","1","1","0","0","0"
"Encyclopedia of Language Development","SAGE Publications","sagepub:sage-publications","SAGE Knowledge","10.4135/9781483346441","239623","978-1-48-334644-1","","9781-1452","","Book","","2014","Controlled","Regular","Unique_Title_Investigations","1","0","0","0","0","0","0","0","0","1","0","0","0"
"Encyclopedia of Language Development","SAGE Publications","sagepub:sage-publications","SAGE Knowledge","10.4135/9781483346441","239623","978-1-48-334644-1","","9781-1452","","Book","Chapter","0001","Controlled","Regular","No_License","1","0","0","0","0","0","0","0","0","1","0","0","0"
"Encyclopedia of Language Development","SAGE Publications","sagepub:sage-publications","SAGE Knowledge","10.4135/9781483346441","239623","978-1-48-334644-1","","9781-1452","","Book","Chapter","2014","Controlled","Regular","Total_Item_Investigations","1","0","0","0","0","0","0","0","0","1","0","0","0"
"Encyclopedia of Language Development","SAGE Publications","sagepub:sage-publications","SAGE Knowledge","10.4135/9781483346441","239623","978-1-48-334644-1","","9781-1452","","Book","Chapter","2014","Controlled","Regular","Unique_Item_Investigations","1","0","0","0","0","0","0","0","0","1","0","0","0"
"Encyclopedia of Measurement and Statistics","SAGE Publications","sagepub:sage-publications","SAGE Knowledge","10.4135/9781412952644","","978-1-41-295264-4","","9781-1412","","Book","","2011","Controlled","Regular","Unique_Title_Investigations","3","0","0","0","2","0","0","0","0","0","0","1","0"
"Encyclopedia of Measurement and Statistics","SAGE Publications","sagepub:sage-publications","SAGE Knowledge","10.4135/9781412952644","","978-1-41-295264-4","","9781-1412","","Book","Chapter","0001","Controlled","Regular","No_License","3","0","0","0","2","0","0","0","0","0","0","1","0"
"Encyclopedia of Measurement and Statistics","SAGE Publications","sagepub:sage-publications","SAGE Knowledge","10.4135/9781412952644","","978-1-41-295264-4","","9781-1412","","Book","Chapter","2011","Controlled","Regular","Total_Item_Investigations","3","0","0","0","2","0","0","0","0","0","0","1","0"
"Encyclopedia of Measurement and Statistics","SAGE Publications","sagepub:sage-publications","SAGE Knowledge","10.4135/9781412952644","","978-1-41-295264-4","","9781-1412","","Book","Chapter","2011","Controlled","Regular","Unique_Item_Investigations","3","0","0","0","2","0","0","0","0","0","0","1","0"
"Encyclopedia of Political Communication","SAGE Publications","sagepub:sage-publications","SAGE Knowledge","10.4135/9781412953993","","978-1-41-295399-3","","9781-1412","","Book","","2008","Controlled","Regular","Unique_Title_Investigations","1","0","0","0","0","0","0","0","0","0","1","0","0"
"Encyclopedia of Political Communication","SAGE Publications","sagepub:sage-publications","SAGE Knowledge","10.4135/9781412953993","","978-1-41-295399-3","","9781-1412","","Book","Chapter","0001","Controlled","Regular","No_License","1","0","0","0","0","0","0","0","0","0","1","0","0"
"Encyclopedia of Political Communication","SAGE Publications","sagepub:sage-publications","SAGE Knowledge","10.4135/9781412953993","","978-1-41-295399-3","","9781-1412","","Book","Chapter","2008","Controlled","Regular","Total_Item_Investigations","1","0","0","0","0","0","0","0","0","0","1","0","0"
"Encyclopedia of Political Communication","SAGE Publications","sagepub:sage-publications","SAGE Knowledge","10.4135/9781412953993","","978-1-41-295399-3","","9781-1412","","Book","Chapter","2008","Controlled","Regular","Unique_Item_Investigations","1","0","0","0","0","0","0","0","0","0","1","0","0"
"Encyclopedia of Research Design","SAGE Publications","sagepub:sage-publications","SAGE Knowledge","10.4135/9781412961288","","978-1-41-296128-8","","9781-1412","","Book","","2012","Controlled","Regular","Unique_Title_Investigations","15","0","0","3","1","3","0","0","2","3","2","1","0"
"Encyclopedia of Research Design","SAGE Publications","sagepub:sage-publications","SAGE Knowledge","10.4135/9781412961288","","978-1-41-296128-8","","9781-1412","","Book","Chapter","0001","Controlled","Regular","No_License","16","0","0","4","1","3","0","0","2","3","2","1","0"
"Encyclopedia of Research Design","SAGE Publications","sagepub:sage-publications","SAGE Knowledge","10.4135/9781412961288","","978-1-41-296128-8","","9781-1412","","Book","Chapter","2012","Controlled","Regular","Total_Item_Investigations","16","0","0","4","1","3","0","0","2","3","2","1","0"
"Encyclopedia of Research Design","SAGE Publications","sagepub:sage-publications","SAGE Knowledge","10.4135/9781412961288","","978-1-41-296128-8","","9781-1412","","Book","Chapter","2012","Controlled","Regular","Unique_Item_Investigations","15","0","0","3","1","3","0","0","2","3","2","1","0"
"Encyclopedia of Social Psychology","SAGE Publications","sagepub:sage-publications","SAGE Knowledge","10.4135/9781412956253","","978-1-41-295625-3","","9781-1412","","Book","","2007","Controlled","Regular","Unique_Title_Investigations","3","0","0","1","0","0","0","0","1","1","0","0","0"
"Encyclopedia of Social Psychology","SAGE Publications","sagepub:sage-publications","SAGE Knowledge","10.4135/9781412956253","","978-1-41-295625-3","","9781-1412","","Book","Chapter","0001","Controlled","Regular","No_License","3","0","0","1","0","0","0","0","1","1","0","0","0"
"Encyclopedia of Social Psychology","SAGE Publications","sagepub:sage-publications","SAGE Knowledge","10.4135/9781412956253","","978-1-41-295625-3","","9781-1412","","Book","Chapter","2007","Controlled","Regular","Total_Item_Investigations","3","0","0","1","0","0","0","0","1","1","0","0","0"
"Encyclopedia of Social Psychology","SAGE Publications","sagepub:sage-publications","SAGE Knowledge","10.4135/9781412956253","","978-1-41-295625-3","","9781-1412","","Book","Chapter","2007","Controlled","Regular","Unique_Item_Investigations","3","0","0","1","0","0","0","0","1","1","0","0","0"
"Encyclopedia of Survey Research Methods","SAGE Publications","sagepub:sage-publications","SAGE Knowledge","10.4135/9781412963947","","978-1-41-296394-7","","9781-1412","","Book","","2011","Controlled","Regular","Unique_Title_Investigations","7","0","0","2","1","1","0","0","1","2","0","0","0"
"Encyclopedia of Survey Research Methods","SAGE Publications","sagepub:sage-publications","SAGE Knowledge","10.4135/9781412963947","","978-1-41-296394-7","","9781-1412","","Book","Chapter","0001","Controlled","Regular","No_License","7","0","0","2","1","1","0","0","1","2","0","0","0"
"Encyclopedia of Survey Research Methods","SAGE Publications","sagepub:sage-publications","SAGE Knowledge","10.4135/9781412963947","","978-1-41-296394-7","","9781-1412","","Book","Chapter","2011","Controlled","Regular","Total_Item_Investigations","7","0","0","2","1","1","0","0","1","2","0","0","0"
"Encyclopedia of Survey Research Methods","SAGE Publications","sagepub:sage-publications","SAGE Knowledge","10.4135/9781412963947","","978-1-41-296394-7","","9781-1412","","Book","Chapter","2011","Controlled","Regular","Unique_Item_Investigations","7","0","0","2","1","1","0","0","1","2","0","0","0"
"Ideology: A Multidisciplinary Approach","SAGE Publications","sagepub:sage-publications","SAGE Knowledge","10.4135/9781446217856","206311","978-1-44-621785-6","","9780-0761","","Book","","2012","Controlled","Regular","Unique_Title_Investigations","1","0","0","1","0","0","0","0","0","0","0","0","0"
"Ideology: A Multidisciplinary Approach","SAGE Publications","sagepub:sage-publications","SAGE Knowledge","10.4135/9781446217856","206311","978-1-44-621785-6","","9780-0761","","Book","Chapter","0001","Controlled","Regular","No_License","1","0","0","1","0","0","0","0","0","0","0","0","0"
"Ideology: A Multidisciplinary Approach","SAGE Publications","sagepub:sage-publications","SAGE Knowledge","10.4135/9781446217856","206311","978-1-44-621785-6","","9780-0761","","Book","Chapter","2012","Controlled","Regular","Total_Item_Investigations","1","0","0","1","0","0","0","0","0","0","0","0","0"
"Ideology: A Multidisciplinary Approach","SAGE Publications","sagepub:sage-publications","SAGE Knowledge","10.4135/9781446217856","206311","978-1-44-621785-6","","9780-0761","","Book","Chapter","2012","Controlled","Regular","Unique_Item_Investigations","1","0","0","1","0","0","0","0","0","0","0","0","0"
"International Encyclopedia of Political Science","SAGE Publications","sagepub:sage-publications","SAGE Knowledge","10.4135/9781412994163","","978-1-41-299416-3","","9781-1412","","Book","","2011","Controlled","Regular","Unique_Title_Investigations","1","0","0","0","0","0","0","0","0","1","0","0","0"
"International Encyclopedia of Political Science","SAGE Publications","sagepub:sage-publications","SAGE Knowledge","10.4135/9781412994163","","978-1-41-299416-3","","9781-1412","","Book","Chapter","0001","Controlled","Regular","No_License","1","0","0","0","0","0","0","0","0","1","0","0","0"
"International Encyclopedia of Political Science","SAGE Publications","sagepub:sage-publications","SAGE Knowledge","10.4135/9781412994163","","978-1-41-299416-3","","9781-1412","","Book","Chapter","2011","Controlled","Regular","Total_Item_Investigations","1","0","0","0","0","0","0","0","0","1","0","0","0"
"International Encyclopedia of Political Science","SAGE Publications","sagepub:sage-publications","SAGE Knowledge","10.4135/9781412994163","","978-1-41-299416-3","","9781-1412","","Book","Chapter","2011","Controlled","Regular","Unique_Item_Investigations","1","0","0","0","0","0","0","0","0","1","0","0","0"
"Landmark Legislation 1774–2012: Major U.S. Acts and Treaties","CQ Press","sagepub:cq-press","SAGE Knowledge","10.4135/9781452292281","241091","978-1-45-229228-1","","9781-1452","","Book","","2014","Controlled","Regular","Unique_Title_Investigations","1","0","0","0","0","0","0","0","0","1","0","0","0"
"Landmark Legislation 1774–2012: Major U.S. Acts and Treaties","CQ Press","sagepub:cq-press","SAGE Knowledge","10.4135/9781452292281","241091","978-1-45-229228-1","","9781-1452","","Book","Chapter","0001","Controlled","Regular","No_License","1","0","0","0","0","0","0","0","0","1","0","0","0"
"Landmark Legislation 1774–2012: Major U.S. Acts and Treaties","CQ Press","sagepub:cq-press","SAGE Knowledge","10.4135/9781452292281","241091","978-1-45-229228-1","","9781-1452","","Book","Chapter","2014","Controlled","Regular","Total_Item_Investigations","1","0","0","0","0","0","0","0","0","1","0","0","0"
"Landmark Legislation 1774–2012: Major U.S. Acts and Treaties","CQ Press","sagepub:cq-press","SAGE Knowledge","10.4135/9781452292281","241091","978-1-45-229228-1","","9781-1452","","Book","Chapter","2014","Controlled","Regular","Unique_Item_Investigations","1","0","0","0","0","0","0","0","0","1","0","0","0"
"Public Sociology: Research, Action, and Change","SAGE Publications","sagepub:sage-publications","SAGE Knowledge","10.4135/9781483349510","234763","978-1-48-334951-0","","9781-1412","","Book","","2013","Controlled","Regular","Unique_Title_Investigations","1","0","0","1","0","0","0","0","0","0","0","0","0"
"Public Sociology: Research, Action, and Change","SAGE Publications","sagepub:sage-publications","SAGE Knowledge","10.4135/9781483349510","234763","978-1-48-334951-0","","9781-1412","","Book","Chapter","0001","Controlled","Regular","No_License","2","0","0","2","0","0","0","0","0","0","0","0","0"
"Public Sociology: Research, Action, and Change","SAGE Publications","sagepub:sage-publications","SAGE Knowledge","10.4135/9781483349510","234763","978-1-48-334951-0","","9781-1412","","Book","Chapter","2013","Controlled","Regular","Total_Item_Investigations","1","0","0","1","0","0","0","0","0","0","0","0","0"
"Public Sociology: Research, Action, and Change","SAGE Publications","sagepub:sage-publications","SAGE Knowledge","10.4135/9781483349510","234763","978-1-48-334951-0","","9781-1412","","Book","Chapter","2013","Controlled","Regular","Unique_Item_Investigations","1","0","0","1","0","0","0","0","0","0","0","0","0"
"Shared Beliefs in a Society: Social Psychological Analysis","SAGE Publications","sagepub:sage-publications","SAGE Knowledge","10.4135/9781452204697","10649","978-1-45-220469-7","","9780-0761","","Book","","2012","Controlled","Regular","Unique_Title_Investigations","1","0","0","1","0","0","0","0","0","0","0","0","0"
"Shared Beliefs in a Society: Social Psychological Analysis","SAGE Publications","sagepub:sage-publications","SAGE Knowledge","10.4135/9781452204697","10649","978-1-45-220469-7","","9780-0761","","Book","Chapter","0001","Controlled","Regular","No_License","1","0","0","1","0","0","0","0","0","0","0","0","0"
"Shared Beliefs in a Society: Social Psychological Analysis","SAGE Publications","sagepub:sage-publications","SAGE Knowledge","10.4135/9781452204697","10649","978-1-45-220469-7","","9780-0761","","Book","Chapter","2012","Controlled","Regular","Total_Item_Investigations","1","0","0","1","0","0","0","0","0","0","0","0","0"
"Shared Beliefs in a Society: Social Psychological Analysis","SAGE Publications","sagepub:sage-publications","SAGE Knowledge","10.4135/9781452204697","10649","978-1-45-220469-7","","9780-0761","","Book","Chapter","2012","Controlled","Regular","Unique_Item_Investigations","1","0","0","1","0","0","0","0","0","0","0","0","0"
"Social Media: A Critical Introduction","SAGE Publications","sagepub:sage-publications","SAGE Knowledge","10.4135/9781446270066","239467","978-1-44-627006-6","","9781-1446","","Book","","2014","Controlled","Regular","Unique_Title_Investigations","1","0","0","1","0","0","0","0","0","0","0","0","0"
"Social Media: A Critical Introduction","SAGE Publications","sagepub:sage-publications","SAGE Knowledge","10.4135/9781446270066","239467","978-1-44-627006-6","","9781-1446","","Book","Chapter","0001","Controlled","Regular","No_License","1","0","0","1","0","0","0","0","0","0","0","0","0"
"Social Media: A Critical Introduction","SAGE Publications","sagepub:sage-publications","SAGE Knowledge","10.4135/9781446270066","239467","978-1-44-627006-6","","9781-1446","","Book","Chapter","2014","Controlled","Regular","Total_Item_Investigations","1","0","0","1","0","0","0","0","0","0","0","0","0"
"Social Media: A Critical Introduction","SAGE Publications","sagepub:sage-publications","SAGE Knowledge","10.4135/9781446270066","239467","978-1-44-627006-6","","9781-1446","","Book","Chapter","2014","Controlled","Regular","Unique_Item_Investigations","1","0","0","1","0","0","0","0","0","0","0","0","0"
"Sociology of Education: An A-to-Z Guide","SAGE Publications","sagepub:sage-publications","SAGE Knowledge","10.4135/9781452276151","237016","978-1-45-227615-1","","9781-1452","","Book","","2013","Controlled","Regular","Unique_Title_Investigations","1","0","0","0","0","0","0","0","0","1","0","0","0"
"Sociology of Education: An A-to-Z Guide","SAGE Publications","sagepub:sage-publications","SAGE Knowledge","10.4135/9781452276151","237016","978-1-45-227615-1","","9781-1452","","Book","Chapter","0001","Controlled","Regular","No_License","1","0","0","0","0","0","0","0","0","1","0","0","0"
"Sociology of Education: An A-to-Z Guide","SAGE Publications","sagepub:sage-publications","SAGE Knowledge","10.4135/9781452276151","237016","978-1-45-227615-1","","9781-1452","","Book","Chapter","2013","Controlled","Regular","Total_Item_Investigations","1","0","0","0","0","0","0","0","0","1","0","0","0"
"Sociology of Education: An A-to-Z Guide","SAGE Publications","sagepub:sage-publications","SAGE Knowledge","10.4135/9781452276151","237016","978-1-45-227615-1","","9781-1452","","Book","Chapter","2013","Controlled","Regular","Unique_Item_Investigations","1","0","0","0","0","0","0","0","0","1","0","0","0"
"Sweating the Swoosh: Nike, the Globalization of Sneakers, and the Question on Sweatshop Labor","SAGE Publications","sagepub:sage-publications","SAGE Knowledge","10.4135/9781473968745","","978-1-47-396874-5","","","","Book","","2016","Controlled","Regular","Unique_Title_Investigations","1","0","0","0","0","0","0","0","0","0","1","0","0"
"Sweating the Swoosh: Nike, the Globalization of Sneakers, and the Question on Sweatshop Labor","SAGE Publications","sagepub:sage-publications","SAGE Knowledge","10.4135/9781473968745","","978-1-47-396874-5","","","","Book","Book","0001","Controlled","Regular","No_License","2","0","0","0","0","0","0","0","0","0","2","0","0"
"Sweating the Swoosh: Nike, the Globalization of Sneakers, and the Question on Sweatshop Labor","SAGE Publications","sagepub:sage-publications","SAGE Knowledge","10.4135/9781473968745","","978-1-47-396874-5","","","","Book","Book","2016","Controlled","Regular","Total_Item_Investigations","2","0","0","0","0","0","0","0","0","0","2","0","0"
"Sweating the Swoosh: Nike, the Globalization of Sneakers, and the Question on Sweatshop Labor","SAGE Publications","sagepub:sage-publications","SAGE Knowledge","10.4135/9781473968745","","978-1-47-396874-5","","","","Book","Book","2016","Controlled","Regular","Unique_Item_Investigations","1","0","0","0","0","0","0","0","0","0","1","0","0"
"The Family in Global Perspective: A Gendered Journey","SAGE Publications","sagepub:sage-publications","SAGE Knowledge","10.4135/9781452231679","225998","978-1-45-223167-9","","9780-0761","","Book","","2012","Controlled","Regular","Unique_Title_Investigations","1","0","0","0","0","0","0","0","0","0","0","1","0"
"The Family in Global Perspective: A Gendered Journey","SAGE Publications","sagepub:sage-publications","SAGE Knowledge","10.4135/9781452231679","225998","978-1-45-223167-9","","9780-0761","","Book","Chapter","0001","Controlled","Regular","No_License","1","0","0","0","0","0","0","0","0","0","0","1","0"
"The Family in Global Perspective: A Gendered Journey","SAGE Publications","sagepub:sage-publications","SAGE Knowledge","10.4135/9781452231679","225998","978-1-45-223167-9","","9780-0761","","Book","Chapter","2012","Controlled","Regular","Total_Item_Investigations","1","0","0","0","0","0","0","0","0","0","0","1","0"
"The Family in Global Perspective: A Gendered Journey","SAGE Publications","sagepub:sage-publications","SAGE Knowledge","10.4135/9781452231679","225998","978-1-45-223167-9","","9780-0761","","Book","Chapter","2012","Controlled","Regular","Unique_Item_Investigations","1","0","0","0","0","0","0","0","0","0","0","1","0"
"The SAGE Encyclopedia of Abnormal and Clinical Psychology","SAGE Publications","sagepub:sage-publications","SAGE Knowledge","10.4135/9781483365817","243472","978-1-48-336581-7","","9781-1483","","Book","","2017","Controlled","Regular","Unique_Title_Investigations","2","0","0","2","0","0","0","0","0","0","0","0","0"
"The SAGE Encyclopedia of Abnormal and Clinical Psychology","SAGE Publications","sagepub:sage-publications","SAGE Knowledge","10.4135/9781483365817","243472","978-1-48-336581-7","","9781-1483","","Book","Chapter","0001","Controlled","Regular","No_License","3","0","0","3","0","0","0","0","0","0","0","0","0"
"The SAGE Encyclopedia of Abnormal and Clinical Psychology","SAGE Publications","sagepub:sage-publications","SAGE Knowledge","10.4135/9781483365817","243472","978-1-48-336581-7","","9781-1483","","Book","Chapter","2017","Controlled","Regular","Total_Item_Investigations","3","0","0","3","0","0","0","0","0","0","0","0","0"
"The SAGE Encyclopedia of Abnormal and Clinical Psychology","SAGE Publications","sagepub:sage-publications","SAGE Knowledge","10.4135/9781483365817","243472","978-1-48-336581-7","","9781-1483","","Book","Chapter","2017","Controlled","Regular","Unique_Item_Investigations","2","0","0","2","0","0","0","0","0","0","0","0","0"
"The SAGE Encyclopedia of Communication Research Methods","SAGE Publications","sagepub:sage-publications","SAGE Knowledge","10.4135/9781483381411","244974","978-1-48-338141-1","","9781-1483","","Book","","2017","Controlled","Regular","Unique_Title_Investigations","1","0","0","0","1","0","0","0","0","0","0","0","0"
"The SAGE Encyclopedia of Communication Research Methods","SAGE Publications","sagepub:sage-publications","SAGE Knowledge","10.4135/9781483381411","244974","978-1-48-338141-1","","9781-1483","","Book","Chapter","0001","Controlled","Regular","No_License","3","0","0","0","3","0","0","0","0","0","0","0","0"
"The SAGE Encyclopedia of Communication Research Methods","SAGE Publications","sagepub:sage-publications","SAGE Knowledge","10.4135/9781483381411","244974","978-1-48-338141-1","","9781-1483","","Book","Chapter","2017","Controlled","Regular","Total_Item_Investigations","3","0","0","0","3","0","0","0","0","0","0","0","0"
"The SAGE Encyclopedia of Communication Research Methods","SAGE Publications","sagepub:sage-publications","SAGE Knowledge","10.4135/9781483381411","244974","978-1-48-338141-1","","9781-1483","","Book","Chapter","2017","Controlled","Regular","Unique_Item_Investigations","2","0","0","0","2","0","0","0","0","0","0","0","0"
"The SAGE Encyclopedia of Qualitative Research Methods","SAGE Publications","sagepub:sage-publications","SAGE Knowledge","10.4135/9781412963909","","978-1-41-296390-9","","9781-1412","","Book","","2012","Controlled","Regular","Unique_Title_Investigations","3","0","0","2","0","0","0","0","0","0","0","0","1"
"The SAGE Encyclopedia of Qualitative Research Methods","SAGE Publications","sagepub:sage-publications","SAGE Knowledge","10.4135/9781412963909","","978-1-41-296390-9","","9781-1412","","Book","Chapter","0001","Controlled","Regular","No_License","3","0","0","2","0","0","0","0","0","0","0","0","1"
"The SAGE Encyclopedia of Qualitative Research Methods","SAGE Publications","sagepub:sage-publications","SAGE Knowledge","10.4135/9781412963909","","978-1-41-296390-9","","9781-1412","","Book","Chapter","2012","Controlled","Regular","Total_Item_Investigations","4","0","0","3","0","0","0","0","0","0","0","0","1"
"The SAGE Encyclopedia of Qualitative Research Methods","SAGE Publications","sagepub:sage-publications","SAGE Knowledge","10.4135/9781412963909","","978-1-41-296390-9","","9781-1412","","Book","Chapter","2012","Controlled","Regular","Unique_Item_Investigations","4","0","0","3","0","0","0","0","0","0","0","0","1"
"The SAGE Encyclopedia of Social Science Research M","SAGE Publications","sagepub:sage-publications","SAGE Knowledge","10.4135/9781412950589","","978-1-41-295058-9","","9780-0761","","Book","","2011","Controlled","Regular","Unique_Title_Investigations","1","1","0","0","0","0","0","0","0","0","0","0","0"
"The SAGE Encyclopedia of Social Science Research M","SAGE Publications","sagepub:sage-publications","SAGE Knowledge","10.4135/9781412950589","","978-1-41-295058-9","","9780-0761","","Book","Chapter","0001","Controlled","Regular","No_License","1","1","0","0","0","0","0","0","0","0","0","0","0"
"The SAGE Encyclopedia of Social Science Research M","SAGE Publications","sagepub:sage-publications","SAGE Knowledge","10.4135/9781412950589","","978-1-41-295058-9","","9780-0761","","Book","Chapter","2011","Controlled","Regular","Total_Item_Investigations","1","1","0","0","0","0","0","0","0","0","0","0","0"
"The SAGE Encyclopedia of Social Science Research M","SAGE Publications","sagepub:sage-publications","SAGE Knowledge","10.4135/9781412950589","","978-1-41-295058-9","","9780-0761","","Book","Chapter","2011","Controlled","Regular","Unique_Item_Investigations","1","1","0","0","0","0","0","0","0","0","0","0","0"
"The SAGE Glossary of the Social and Behavioral Sciences","SAGE Publications","sagepub:sage-publications","SAGE Knowledge","10.4135/9781412972024","","978-1-41-297202-4","","9781-1412","","Book","","2009","Controlled","Regular","Unique_Title_Investigations","1","0","0","0","1","0","0","0","0","0","0","0","0"
"The SAGE Glossary of the Social and Behavioral Sciences","SAGE Publications","sagepub:sage-publications","SAGE Knowledge","10.4135/9781412972024","","978-1-41-297202-4","","9781-1412","","Book","Chapter","0001","Controlled","Regular","No_License","1","0","0","0","1","0","0","0","0","0","0","0","0"
"The SAGE Glossary of the Social and Behavioral Sciences","SAGE Publications","sagepub:sage-publications","SAGE Knowledge","10.4135/9781412972024","","978-1-41-297202-4","","9781-1412","","Book","Chapter","2009","Controlled","Regular","Total_Item_Investigations","1","0","0","0","1","0","0","0","0","0","0","0","0"
"The SAGE Glossary of the Social and Behavioral Sciences","SAGE Publications","sagepub:sage-publications","SAGE Knowledge","10.4135/9781412972024","","978-1-41-297202-4","","9781-1412","","Book","Chapter","2009","Controlled","Regular","Unique_Item_Investigations","1","0","0","0","1","0","0","0","0","0","0","0","0"
"Theory in Social and Cultural Anthropology: An Encyclopedia","SAGE Publications","sagepub:sage-publications","SAGE Knowledge","10.4135/9781452276311","235988","978-1-45-227631-1","","9781-1412","","Book","","2013","Controlled","Regular","Unique_Title_Investigations","1","0","0","0","0","0","0","0","0","0","1","0","0"
"Theory in Social and Cultural Anthropology: An Encyclopedia","SAGE Publications","sagepub:sage-publications","SAGE Knowledge","10.4135/9781452276311","235988","978-1-45-227631-1","","9781-1412","","Book","Chapter","0001","Controlled","Regular","No_License","1","0","0","0","0","0","0","0","0","0","1","0","0"
"Theory in Social and Cultural Anthropology: An Encyclopedia","SAGE Publications","sagepub:sage-publications","SAGE Knowledge","10.4135/9781452276311","235988","978-1-45-227631-1","","9781-1412","","Book","Chapter","2013","Controlled","Regular","Total_Item_Investigations","5","0","0","0","0","0","0","0","0","0","5","0","0"
"Theory in Social and Cultural Anthropology: An Encyclopedia","SAGE Publications","sagepub:sage-publications","SAGE Knowledge","10.4135/9781452276311","235988","978-1-45-227631-1","","9781-1412","","Book","Chapter","2013","Controlled","Regular","Unique_Item_Investigations","2","0","0","0","0","0","0","0","0","0","2","0","0"
"To Build or Not to Build? Gentrification, Supply, and Demand","SAGE Publications","sagepub:sage-publications","SAGE Knowledge","10.4135/9781529727210","","978-1-52-972721-0","","","","Book","","2020","Controlled","Regular","Unique_Title_Investigations","1","0","0","0","1","0","0","0","0","0","0","0","0"
"To Build or Not to Build? Gentrification, Supply, and Demand","SAGE Publications","sagepub:sage-publications","SAGE Knowledge","10.4135/9781529727210","","978-1-52-972721-0","","","","Book","Book","0001","Controlled","Regular","No_License","1","0","0","0","1","0","0","0","0","0","0","0","0"
"To Build or Not to Build? Gentrification, Supply, and Demand","SAGE Publications","sagepub:sage-publications","SAGE Knowledge","10.4135/9781529727210","","978-1-52-972721-0","","","","Book","Book","2020","Controlled","Regular","Total_Item_Investigations","1","0","0","0","1","0","0","0","0","0","0","0","0"
"To Build or Not to Build? Gentrification, Supply, and Demand","SAGE Publications","sagepub:sage-publications","SAGE Knowledge","10.4135/9781529727210","","978-1-52-972721-0","","","","Book","Book","2020","Controlled","Regular","Unique_Item_Investigations","1","0","0","0","1","0","0","0","0","0","0","0","0"
"Vital Statistics on American Politics 2015–2016","CQ Press","sagepub:cq-press","SAGE Knowledge","10.4135/9781483380292","78516","978-1-48-338029-2","","9781-1483","","Book","","2015","Controlled","Regular","Unique_Title_Investigations","1","0","0","0","0","0","0","0","0","0","0","0","1"
"Vital Statistics on American Politics 2015–2016","CQ Press","sagepub:cq-press","SAGE Knowledge","10.4135/9781483380292","78516","978-1-48-338029-2","","9781-1483","","Book","Chapter","0001","Controlled","Regular","No_License","1","0","0","0","0","0","0","0","0","0","0","0","1"
"Vital Statistics on American Politics 2015–2016","CQ Press","sagepub:cq-press","SAGE Knowledge","10.4135/9781483380292","78516","978-1-48-338029-2","","9781-1483","","Book","Chapter","2015","Controlled","Regular","Total_Item_Investigations","1","0","0","0","0","0","0","0","0","0","0","0","1"
"Vital Statistics on American Politics 2015–2016","CQ Press","sagepub:cq-press","SAGE Knowledge","10.4135/9781483380292","78516","978-1-48-338029-2","","9781-1483","","Book","Chapter","2015","Controlled","Regular","Unique_Item_Investigations","1","0","0","0","0","0","0","0","0","0","0","0","1"
"Women and Men at Work","SAGE Publications","sagepub:sage-publications","SAGE Knowledge","10.4135/9781452233857","225466","978-1-45-223385-7","","9780-0761","","Book","","2012","Controlled","Regular","Unique_Title_Investigations","1","0","0","0","0","0","0","0","0","1","0","0","0"
"Women and Men at Work","SAGE Publications","sagepub:sage-publications","SAGE Knowledge","10.4135/9781452233857","225466","978-1-45-223385-7","","9780-0761","","Book","Chapter","0001","Controlled","Regular","No_License","1","0","0","0","0","0","0","0","0","1","0","0","0"
"Women and Men at Work","SAGE Publications","sagepub:sage-publications","SAGE Knowledge","10.4135/9781452233857","225466","978-1-45-223385-7","","9780-0761","","Book","Chapter","2012","Controlled","Regular","Total_Item_Investigations","1","0","0","0","0","0","0","0","0","1","0","0","0"
"Women and Men at Work","SAGE Publications","sagepub:sage-publications","SAGE Knowledge","10.4135/9781452233857","225466","978-1-45-223385-7","","9780-0761","","Book","Chapter","2012","Controlled","Regular","Unique_Item_Investigations","1","0","0","0","0","0","0","0","0","1","0","0","0"
"Wynn Resorts: Bringing Together the Pieces to Build a Multibillion-Dollar Company","SAGE Publications","sagepub:sage-publications","SAGE Knowledge","10.4135/9781473938502","","978-1-47-393850-2","","","","Book","","2016","Controlled","Regular","Unique_Title_Investigations","1","0","0","0","0","0","0","0","0","1","0","0","0"
"Wynn Resorts: Bringing Together the Pieces to Build a Multibillion-Dollar Company","SAGE Publications","sagepub:sage-publications","SAGE Knowledge","10.4135/9781473938502","","978-1-47-393850-2","","","","Book","Book","0001","Controlled","Regular","No_License","1","0","0","0","0","0","0","0","0","1","0","0","0"
"Wynn Resorts: Bringing Together the Pieces to Build a Multibillion-Dollar Company","SAGE Publications","sagepub:sage-publications","SAGE Knowledge","10.4135/9781473938502","","978-1-47-393850-2","","","","Book","Book","2016","Controlled","Regular","Total_Item_Investigations","1","0","0","0","0","0","0","0","0","1","0","0","0"
"Wynn Resorts: Bringing Together the Pieces to Build a Multibillion-Dollar Company","SAGE Publications","sagepub:sage-publications","SAGE Knowledge","10.4135/9781473938502","","978-1-47-393850-2","","","","Book","Book","2016","Controlled","Regular","Unique_Item_Investigations","1","0","0","0","0","0","0","0","0","1","0","0","0"
"","","","","","","","","","","","","","","","","","","","","","","","","","","","",""
"","","","","","","","","","","","","","","","","","","","","","","","","","","","",""
"","","","","","","","","","","","","","","","","","","","","","","","","","","","",""
"","","","","","","","","","","","","","","","","","","","","","","","","","","","",""
"","","","","","","","","","","","","","","","","","","","","","","","","","","","",""
"","","","","","","","","","","","","","","","","","","","","","","","","","","","",""
"","","","","","","","","","","","","","","","","","","","","","","","","","","","",""
"","","","","","","","","","","","","","","","","","","","","","","","","","","","",""
"","","","","","","","","","","","","","","","","","","","","","","","","","","","",""
"","","","","","","","","","","","","","","","","","","","","","","","","","","","",""
"","","","","","","","","","","","","","","","","","","","","","","","","","","","",""
"","","","","","","","","","","","","","","","","","","","","","","","","","","","",""
"","","","","","","","","","","","","","","","","","","","","","","","","","","","",""
"","","","","","","","","","","","","","","","","","","","","","","","","","","","",""
"","","","","","","","","","","","","","","","","","","","","","","","","","","","",""
"","","","","","","","","","","","","","","","","","","","","","","","","","","","",""
"","","","","","","","","","","","","","","","","","","","","","","","","","","","",""
"","","","","","","","","","","","","","","","","","","","","","","","","","","","",""
"","","","","","","","","","","","","","","","","","","","","","","","","","","","",""
"","","","","","","","","","","","","","","","","","","","","","","","","","","","",""
"","","","","","","","","","","","","","","","","","","","","","","","","","","","",""
"","","","","","","","","","","","","","","","","","","","","","","","","","","","",""
"","","","","","","","","","","","","","","","","","","","","","","","","","","","",""
"","","","","","","","","","","","","","","","","","","","","","","","","","","","",""
"","","","","","","","","","","","","","","","","","","","","","","","","","","","",""
"","","","","","","","","","","","","","","","","","","","","","","","","","","","",""
"","","","","","","","","","","","","","","","","","","","","","","","","","","","",""
"","","","","","","","","","","","","","","","","","","","","","","","","","","","",""
"","","","","","","","","","","","","","","","","","","","","","","","","","","","",""
"","","","","","","","","","","","","","","","","","","","","","","","","","","","",""
"","","","","","","","","","","","","","","","","","","","","","","","","","","","",""
"","","","","","","","","","","","","","","","","","","","","","","","","","","","",""
"","","","","","","","","","","","","","","","","","","","","","","","","","","","",""
"","","","","","","","","","","","","","","","","","","","","","","","","","","","",""
"","","","","","","","","","","","","","","","","","","","","","","","","","","","",""
"","","","","","","","","","","","","","","","","","","","","","","","","","","","",""
